,0,1,2,3,4,5,6,7,8,9,10,11,12,13,14,15,16,17,18,19,20,21,22,23
0,,Games,Def Interceptions,Fumbles,,Tackles,,,,,,,,,,,,,,,,,,
1,Rk,Player,Tm,Age,Pos,G,GS,Int,Yds,TD,Lng,PD,FF,Fmb,FR,Yds,TD,Sk,Comb,Solo,Ast,TFL,QBHits,Sfty
2,1,Patrick Willis*+,SFO,24,RILB,16,16,3,33,1,23,8,3,0,0,0,0,4.0,152,114,38,13,11,
3,2,Jon Beason*,CAR,24,MLB,16,16,3,46,0,18,7,1,0,2,0,0,3.0,141,111,30,14,5,
4,3,Kirk Morrison ,OAK,27,MLB,16,16,0,0,0,0,1,3,1,1,8,0,2.0,133,109,24,10,2,
5,4,James Laurinaitis,STL,23,MLB,16,16,2,28,0,21,5,0,0,1,0,0,2.0,121,108,13,7,6,
6,5,Barrett Ruud,TAM,26,MLB,16,16,1,23,0,21,7,1,0,0,0,0,0.0,143,107,36,3,0,
7,6,Curtis Lofton,ATL,23,MLB,16,16,0,0,0,0,2,2,0,0,0,0,0.0,133,105,28,4,2,
8,7,D.J. Williams,DEN,27,RILB,16,16,0,0,0,0,7,3,0,2,0,0,3.5,122,100,22,13,5,
9,8,Tyvon Branch,OAK,23,SS,16,16,0,0,0,0,8,2,0,0,0,0,1.0,124,98,26,6,1,
10,9,Brian Dawkins*,DEN,36,FS,16,16,2,0,0,0,10,1,0,3,0,0,0.0,116,95,21,6,2,
11,10,London Fletcher*,WAS,34,MLB,16,16,1,2,0,2,6,1,0,0,0,0,2.0,142,95,47,7,3,
12,11,Ray Lewis*+,BAL,34,RILB,16,16,0,9,0,9,8,2,0,1,1,0,3.0,134,95,39,10,7,
13,12,Demorrio Williams,KAN,29,LILB,16,13,0,0,0,0,6,,,,,,0.0,117,95,22,3,0,
14,13,David Hawthorne,SEA,24,MLB,16,11,3,9,0,5,5,1,0,1,36,0,4.0,117,94,23,10,5,
15,14,Stephen Tulloch,TEN,24,MLB,16,13,0,0,0,0,1,0,0,1,0,0,2.0,121,94,27,9,5,
16,15,Lance Briggs*,CHI,29,LLB,15,15,1,0,0,0,5,,,,,,2.5,118,93,25,7,5,
17,16,DeMeco Ryans*,HOU,25,MLB,16,16,0,0,0,0,2,1,0,1,29,0,1.0,123,93,30,14,5,
18,17,Yeremiah Bell*,MIA,31,FS,16,15,3,48,0,29,8,,,,,,1.5,114,92,22,3,3,
19,18,Karlos Dansby,ARI,28,LILB,16,16,1,11,0,11,4,1,0,0,0,0,1.0,109,89,20,7,6,
20,19,Paul Posluszny,BUF,25,MLB,12,12,3,20,0,17,4,3,0,0,0,0,1.0,111,88,23,5,6,
21,20,Jonathan Vilma*,NOR,27,MLB,15,15,3,25,0,11,8,,,,,,2.0,110,87,23,10,10,
22,21,Brian Cushing*,HOU,22,LLB,16,16,4,26,0,20,10,2,0,0,0,0,4.0,133,86,47,12,12,1
23,22,Roman Harper*,NOR,27,SS,16,16,0,0,0,0,5,2,0,0,0,0,1.5,103,85,18,11,5,
24,23,Daryl Smith,JAX,27,LLB,16,16,1,10,0,10,6,3,0,2,0,0,1.5,107,84,23,6,5,
25,24,Nick Barnett,GNB,28,RILB,16,16,0,0,0,0,7,,,,,,4.0,106,83,23,12,4,
26,25,Clint Session,IND,25,RLB,14,14,2,35,1,27,5,1,0,0,0,0,0.5,102,83,19,3,4,
27,26,Erik Coleman,ATL,27,SS,16,16,0,0,0,0,5,2,0,0,0,0,0.0,116,82,34,3,0,
28,27,David Harris ,NYJ,25,RILB,16,16,2,24,0,14,3,2,0,0,0,0,5.5,127,82,45,4,13,
29,28,Mike Peterson,ATL,33,RLB,16,16,1,39,0,39,7,2,0,0,0,0,1.0,109,82,27,7,2,
30,29,Bernard Pollard,HOU,25,SS,13,13,4,121,1,70,7,1,0,3,0,1,1.5,102,82,20,4,2,
31,Rk,Player,Tm,Age,Pos,G,GS,Int,Yds,TD,Lng,PD,FF,Fmb,FR,Yds,TD,Sk,Comb,Solo,Ast,TFL,QBHits,Sfty
32,30,Keith Bulluck,TEN,32,RLB,14,14,3,45,0,23,7,0,0,1,0,0,0.0,108,81,27,3,0,
33,31,Justin Durant,JAX,24,MLB,13,13,1,27,0,27,2,1,0,0,0,0,1.0,98,81,17,3,2,
34,32,Gary Brackett,IND,29,MLB,14,14,1,8,0,8,5,0,0,1,0,0,1.0,99,80,19,4,7,
35,33,Chad Greenway,MIN,26,LLB,16,16,3,49,0,36,6,1,1,3,0,0,0.0,99,80,19,3,2,
36,34,Geno Hayes,TAM,22,RLB,15,13,2,21,0,20,6,1,0,1,0,0,3.0,98,80,18,15,12,
37,35,Bradie James,DAL,28,LILB,16,16,0,0,0,0,5,1,0,1,0,0,2.0,113,80,33,6,5,
38,36,Mike Brown,KAN,31,SS,16,16,3,13,0,10,3,0,0,1,0,0,2.0,103,79,24,3,2,
39,37,Will Witherspoon,2TM,29,,17,16,1,9,1,9,5,1,0,0,0,0,1.0,90,79,11,5,1,
40,38,LaRon Landry,WAS,25,FS,15,15,1,12,0,12,6,2,0,0,0,0,1.0,90,78,12,3,2,
41,39,Dhani Jones,CIN,31,MLB,16,16,0,0,0,0,4,1,0,2,0,0,3.5,113,77,36,9,6,
42,40,Dashon Goldson,SFO,25,FS,16,16,4,39,0,34,6,3,0,1,0,0,2.0,94,76,18,1,2,
43,41,Jordan Babineaux,SEA,27,FS,16,16,2,18,0,18,6,1,0,0,0,0,1.5,104,75,29,3,3,
44,42,Keith Brooking,DAL,34,RILB,16,14,0,0,0,0,7,,,,,,3.0,106,75,31,7,9,
45,43,Reed Doughty,WAS,27,SS,15,7,1,13,0,13,3,0,0,1,0,0,2.0,91,75,16,6,2,
46,44,Richard Marshall,CAR,25,RCB,16,16,4,47,0,28,9,0,0,2,0,0,0.0,88,75,13,0,0,
47,45,Abram Elam,CLE,28,FS,16,16,0,0,0,0,2,1,0,1,0,0,1.0,91,74,17,3,2,
48,46,Gibril Wilson,MIA,28,SS,16,14,0,0,0,0,7,,,,,,1.0,93,73,20,1,3,
49,47,Thomas Howard,OAK,26,RLB,16,15,0,0,0,0,6,1,0,1,0,0,2.0,79,72,7,11,3,
50,48,Stephen Cooper,SDG,30,LILB,16,16,0,0,0,0,8,2,0,2,0,0,0.0,102,71,31,2,0,
51,49,Michael Lewis,SFO,29,SS,15,15,1,0,0,0,2,2,0,1,0,0,1.0,82,71,11,3,4,
52,50,Danieal Manning,CHI,27,FS,15,10,1,35,0,35,2,3,0,3,4,0,1.0,91,71,20,1,1,1
53,51,Antoine Bethea*,IND,25,FS,16,16,4,19,0,19,5,2,0,1,0,0,0.0,95,70,25,2,1,
54,52,Larry Foote,DET,29,MLB,14,14,0,0,0,0,4,1,0,1,0,0,2.0,99,70,29,11,3,
55,53,William Gay,PIT,24,RCB,16,14,0,0,0,0,10,1,0,0,0,0,1.0,78,70,8,4,2,
56,54,Dawan Landry,BAL,27,SS,16,16,4,89,1,48,8,1,0,0,0,0,0.0,89,70,19,5,0,
57,55,Jerod Mayo ,NWE,23,LILB,13,12,0,0,0,0,1,1,0,0,0,0,1.5,103,70,33,2,4,
58,56,Terrell Thomas,NYG,24,RCB,16,16,5,87,1,33,13,1,0,0,0,0,1.0,85,70,15,6,1,
59,57,George Wilson,BUF,28,SS,16,12,4,23,0,27,6,1,0,0,0,0,2.0,103,70,33,4,2,
60,58,Ronde Barber,TAM,34,RCB,16,16,0,0,0,0,6,2,0,1,0,0,2.0,77,69,8,9,4,
61,59,Quincy Black,TAM,25,LLB,16,13,1,3,0,3,4,,,,,,1.5,84,69,15,8,3,
62,Rk,Player,Tm,Age,Pos,G,GS,Int,Yds,TD,Lng,PD,FF,Fmb,FR,Yds,TD,Sk,Comb,Solo,Ast,TFL,QBHits,Sfty
63,60,Nick Harper,TEN,35,LCB,11,11,1,4,0,4,6,,,,,,0.0,81,69,12,2,1,
64,61,Jacob Lacey,IND,22,lcb,16,9,3,53,1,35,13,,,,,,0.0,85,69,16,0,0,
65,62,Quintin Mikell*,PHI,29,SS,16,16,2,16,0,16,14,0,0,2,0,0,0.0,90,69,21,2,2,
66,63,Ryan Clark,PIT,30,FS,15,15,3,0,0,0,8,,,,,,0.0,89,68,21,0,0,
67,64,James Farrior,PIT,34,LILB,16,16,1,18,0,18,5,1,0,1,0,0,3.0,102,68,34,4,6,
68,65,Eric Weddle ,SDG,24,FS,13,13,2,44,1,31,7,,,,,,1.5,82,68,14,7,3,
69,66,Andra Davis,DEN,31,LILB,16,13,0,0,0,0,3,,,,,,3.5,90,67,23,14,6,
70,67,Chris Hope,TEN,29,SS,16,16,3,24,0,24,7,1,0,0,0,0,2.0,81,67,14,3,3,
71,68,Bart Scott,NYJ,29,LILB,16,16,0,0,0,0,1,,,,,,1.0,92,67,25,12,11,
72,69,A.J. Hawk,GNB,25,LILB,16,14,2,42,0,29,2,1,0,0,0,0,1.0,88,66,22,9,2,
73,70,Corey Mays,KAN,26,RILB,16,13,0,0,0,0,1,,,,,,0.0,85,66,19,2,3,
74,71,Sabby Piscitelli,TAM,26,SS,16,15,2,7,0,4,5,1,0,1,72,0,0.0,80,66,14,1,0,
75,72,Charles Tillman ,CHI,28,LCB,15,15,2,35,1,21,7,6,0,1,0,0,0.0,79,66,13,3,0,
76,73,Charles Woodson *+,GNB,33,LCB,16,16,9,179,3,45,18,4,0,1,0,0,2.0,74,66,8,9,3,
77,74,Michael Boley,NYG,27,RLB,11,11,0,0,0,0,8,,,,,,1.0,84,65,19,9,2,
78,75,Louis Delmas,DET,22,FS,15,15,2,130,1,101,8,0,0,1,65,1,1.0,94,65,29,7,3,1
79,76,Cedric Griffin,MIN,27,RCB,16,16,4,-2,0,0,6,3,0,0,0,0,0.0,78,65,13,3,0,
80,77,Hunter Hillenmeyer,CHI,29,MLB,14,13,1,0,0,0,5,4,0,1,-1,0,2.5,90,65,25,5,6,
81,78,Stephen Nicholas,ATL,26,LLB,16,13,0,0,0,0,3,1,0,1,0,0,3.0,80,65,15,4,4,
82,79,Bryant McFadden,ARI,28,LCB,16,16,0,0,0,0,15,0,0,1,7,0,0.0,69,64,5,1,1,
83,80,Rocky McIntosh,WAS,27,RLB,16,16,2,27,0,18,4,2,1,0,0,0,0.0,94,64,30,4,5,
84,81,Reggie Nelson,JAX,26,FS,16,14,0,0,0,0,5,0,0,1,0,0,0.0,70,64,6,1,3,
85,82,Champ Bailey*,DEN,31,LCB,16,16,3,18,0,11,15,1,0,0,0,0,0.0,74,63,11,3,0,
86,83,Melvin Bullitt,IND,25,SS,14,12,0,0,0,0,1,1,0,0,0,0,0.0,77,63,14,1,1,
87,84,E.J. Henderson,MIN,29,MLB,12,12,0,0,0,0,1,0,0,1,6,0,2.0,83,63,20,8,8,
88,85,Nedu Ndukwe,CIN,24,SS,16,12,1,9,0,9,5,,,,,,2.0,89,63,26,4,5,
89,86,Brent Grimes,ATL,26,rcb,16,8,6,17,0,11,13,0,0,1,0,0,0.0,66,62,4,1,0,
90,87,Adrian Wilson*+,ARI,30,SS,16,16,5,56,0,41,13,1,0,2,18,0,2.0,75,62,13,11,8,
91,88,Akin Ayodele,MIA,30,RILB,16,15,,,,,,1,1,2,2,0,0.0,71,61,10,3,2,
92,89,Ron Bartell ,STL,27,LCB,15,15,0,0,0,0,9,3,0,1,0,0,0.0,66,61,5,0,0,
93,Rk,Player,Tm,Age,Pos,G,GS,Int,Yds,TD,Lng,PD,FF,Fmb,FR,Yds,TD,Sk,Comb,Solo,Ast,TFL,QBHits,Sfty
94,90,DeAndre Levy,DET,22,RLB,16,10,1,5,0,5,5,1,1,2,0,0,0.0,85,61,24,7,3,
95,91,Antrel Rolle*,ARI,27,FS,15,15,4,71,0,29,8,1,1,1,0,0,1.5,72,61,11,3,4,
96,92,Madieu Williams,MIN,28,FS,16,16,0,0,0,0,4,0,0,1,0,0,0.0,74,61,13,2,2,
97,93,Deon Grant,SEA,30,SS,16,16,3,7,0,7,8,1,0,1,0,0,0.0,78,60,18,2,1,
98,94,James Harrison*,PIT,31,ROLB,16,16,0,0,0,0,2,5,0,2,0,0,10.0,79,60,19,14,14,
99,95,Tanard Jackson,TAM,24,FS,12,12,5,86,2,35,8,2,0,1,5,0,0.0,71,60,11,3,1,
100,96,Akeem Jordan,PHI,24,LLB,12,10,2,14,0,11,6,,,,,,1.0,71,60,11,5,2,
101,97,Zackary Bowman,CHI,25,RCB,16,12,6,67,0,39,10,1,1,0,0,0,0.0,66,59,7,0,0,
102,98,C.C. Brown,NYG,26,fs,16,7,0,0,0,0,3,3,0,0,0,0,0.0,69,59,10,3,1,
103,99,Chris Johnson ,OAK,30,LCB,15,15,3,20,0,20,18,,,,,,0.0,68,59,9,1,1,
104,100,Johnathan Joseph,CIN,25,LCB,16,16,6,92,1,32,20,,,,,,0.0,70,59,11,2,0,
105,101,Mike Adams,CLE,28,rcb,16,9,0,0,0,0,8,0,0,1,1,0,1.0,69,58,11,4,2,
106,102,O.J. Atogwe,STL,28,FS,12,12,2,21,0,12,5,3,0,2,0,0,1.0,74,58,16,1,4,
107,103,James Butler,STL,27,SS,13,13,3,17,0,17,6,0,0,1,10,0,0.0,69,58,11,1,0,
108,104,Derek Cox,JAX,23,LCB,16,16,4,6,0,6,11,0,1,1,5,0,0.0,72,58,14,1,0,
109,105,Brandon Flowers,KAN,23,LCB,15,15,5,38,0,33,23,2,0,2,0,0,0.0,65,58,7,4,0,
110,106,Steve Gregory,SDG,26,ss,16,6,1,13,0,13,6,0,0,2,3,0,2.0,71,58,13,4,3,
111,107,Leon Hall,CIN,25,RCB,16,16,6,47,0,26,24,2,0,0,0,0,0.0,71,58,13,0,0,
112,108,Brandon McGowan,NWE,26,FS,16,11,0,0,0,0,3,3,0,2,0,0,0.0,78,58,20,3,3,
113,109,Bryan Scott,BUF,28,rcb,9,9,1,27,0,27,3,1,0,0,0,0,2.0,81,58,23,3,3,
114,110,Craig Dahl,STL,24,fs,14,8,0,0,0,0,3,0,0,2,0,0,2.0,65,57,8,5,4,
115,111,Thomas DeCoud,ATL,24,FS,16,16,3,25,0,15,7,2,0,1,0,0,2.0,68,57,11,3,3,
116,112,Michael Griffin,TEN,24,FS,16,15,1,3,0,3,7,2,0,2,0,0,1.0,77,57,20,3,2,
117,113,Clark Haggans,ARI,32,ROLB,16,14,0,0,0,0,1,2,0,0,0,0,5.0,74,57,17,5,10,
118,114,Jerraud Powers,IND,22,RCB,12,12,1,1,0,1,10,1,0,1,4,0,0.0,66,57,9,1,0,
119,115,Scott Shanle,NOR,30,RLB,14,14,2,16,0,13,3,0,0,2,12,0,0.0,69,57,12,3,0,
120,116,Takeo Spikes,SFO,33,LILB,15,15,0,0,0,0,1,0,0,1,0,0,4.0,75,57,18,7,5,
121,117,Eric Wright,CLE,24,LCB,16,16,4,74,0,47,14,,,,,,0.0,65,57,8,2,0,
122,118,Brandon Carr,KAN,23,RCB,16,16,1,31,0,31,19,1,0,2,1,0,0.0,62,56,6,2,0,
123,119,Cortland Finnegan,TEN,25,RCB,13,13,5,194,1,80,11,0,1,1,0,0,0.0,63,56,7,0,0,
124,Rk,Player,Tm,Age,Pos,G,GS,Int,Yds,TD,Lng,PD,FF,Fmb,FR,Yds,TD,Sk,Comb,Solo,Ast,TFL,QBHits,Sfty
125,120,Glover Quin,HOU,23,LCB,15,12,0,0,0,0,11,,,,,,0.0,68,56,12,3,0,
126,121,Aqib Talib,TAM,23,LCB,15,15,5,99,0,32,15,0,0,1,-5,0,0.0,64,56,8,2,0,
127,122,Lawrence Timmons,PIT,23,RILB,14,13,0,0,0,0,4,4,0,0,0,0,7.0,78,56,22,7,9,
128,123,Gary Guyton,NWE,24,RILB,16,16,0,0,0,0,3,,,,,,1.5,85,55,30,1,11,
129,124,Kerry Rhodes,NYJ,27,FS,16,14,3,17,0,11,13,0,0,1,44,0,0.0,63,55,8,2,2,
130,125,Dunta Robinson,HOU,27,RCB,16,16,0,0,0,0,9,1,0,0,0,0,0.0,65,55,10,6,0,
131,126,Aaron Curry,SEA,23,RLB,14,12,0,0,0,0,6,2,0,0,0,0,2.0,61,54,7,6,8,
132,127,Michael Huff,OAK,26,FS,16,12,3,15,0,10,14,0,0,1,0,0,0.5,59,54,5,0,1,
133,128,Jim Leonhard,NYJ,27,SS,16,16,1,44,0,44,5,1,1,0,0,0,2.5,76,54,22,9,4,
134,129,Brandon Meriweather*,NWE,25,SS,16,16,5,149,1,56,9,2,0,0,0,0,0.0,84,54,30,3,0,
135,130,Will Peterson,DET,30,LCB,16,14,2,41,1,38,14,,,,,,0.0,69,54,15,,,
136,131,Nick Roach,CHI,24,RLB,16,15,0,0,0,0,3,3,0,1,0,0,2.0,75,54,21,8,3,
137,132,Ike Taylor,PIT,29,LCB,16,16,1,20,0,20,13,0,0,1,1,0,1.0,62,53,9,1,1,
138,133,Antoine Winfield*,MIN,32,LCB,10,9,1,0,0,0,5,1,0,0,0,0,1.0,55,53,2,2,1,
139,134,Reggie Corner,BUF,26,lcb,16,8,1,0,0,0,9,,,,,,0.0,67,52,15,3,0,
140,135,Mario Haggan,DEN,29,LOLB,16,16,0,0,0,0,1,3,0,0,0,0,1.0,64,52,12,9,4,
141,136,Terence Newman*,DAL,31,LCB,16,16,3,36,1,27,18,3,1,0,0,0,0.0,57,52,5,2,0,
142,137,Brandon Siler,SDG,24,RILB,16,7,1,5,0,5,2,0,0,1,0,0,2.0,67,52,15,6,2,
143,138,Manny Lawson,SFO,25,LOLB,16,16,0,0,0,0,2,3,0,1,0,0,6.5,68,51,17,9,16,
144,139,Darren Sharper*+,NOR,34,FS,14,14,9,376,3,99,15,,,,,,0.5,71,51,20,1,2,
145,140,LaMarr Woodley*,PIT,25,LOLB,16,16,0,0,0,0,6,1,0,1,77,1,13.5,62,51,11,20,26,
146,141,Chris Gamble,CAR,26,LCB,16,16,4,55,0,41,12,0,1,0,0,0,0.0,58,50,8,2,0,
147,142,Gerald Hayes,ARI,29,RILB,14,13,,,,,,,,,,,0.0,63,50,13,7,0,
148,143,Anthony Spencer,DAL,25,LOLB,16,16,1,-3,0,-3,8,2,0,2,0,0,6.0,67,50,17,13,23,
149,144,Kevin Burnett,SDG,27,rilb,11,7,0,0,0,0,1,,,,,,2.5,66,49,17,5,5,
150,145,Tyrone Carter ,PIT,33,SS,16,12,2,53,1,48,4,1,0,1,6,0,1.0,61,49,12,5,1,
151,146,Drayton Florence,BUF,29,RCB,14,13,1,7,0,7,11,,,,,,0.0,60,49,11,4,0,
152,147,Malcolm Jenkins,NOR,22,rcb,14,6,1,14,0,14,4,2,0,1,0,0,0.0,55,49,6,0,2,
153,148,Brandon McDonald,CLE,24,RCB,16,10,1,39,0,39,10,1,0,0,0,0,1.0,55,49,6,2,1,
154,149,Tracy Porter,NOR,23,RCB,12,11,4,72,1,54,12,2,0,0,0,0,0.0,58,49,9,0,0,
155,Rk,Player,Tm,Age,Pos,G,GS,Int,Yds,TD,Lng,PD,FF,Fmb,FR,Yds,TD,Sk,Comb,Solo,Ast,TFL,QBHits,Sfty
156,150,Shawntae Spencer,SFO,27,RCB,16,16,2,2,0,2,10,,,,,,0.0,53,49,4,1,0,
157,151,Jason Trusnik,2TM,25,,16,10,0,0,0,0,1,2,0,1,0,0,2.5,62,49,13,6,4,
158,152,Leigh Bodden,NWE,28,RCB,15,14,5,60,1,53,19,0,0,2,0,0,0.0,56,48,8,1,0,
159,153,Andre Carter ,WAS,30,RDE,16,16,0,0,0,0,4,3,0,0,0,0,11.0,62,48,14,19,21,
160,154,Trent Cole*,PHI,27,RDE,16,16,,,,,,2,0,0,0,0,12.5,57,48,9,17,28,
161,155,Thomas Davis ,CAR,26,RLB,7,7,2,24,0,24,6,,,,,,1.5,61,48,13,5,2,
162,156,Vontae Davis ,MIA,21,LCB,16,9,4,64,1,26,11,,,,,,0.0,52,48,4,2,0,
163,157,Domonique Foxworth,BAL,26,RCB,16,16,4,34,0,19,16,0,0,1,0,0,0.0,53,48,5,2,0,
164,158,Tamba Hali,KAN,26,ROLB,16,16,0,0,0,0,1,4,0,0,0,0,8.5,63,48,15,9,11,1
165,159,Chris Harris,CAR,27,SS,13,13,3,3,0,3,6,2,0,1,0,0,0.0,60,48,12,1,1,
166,160,Tyrell Johnson,MIN,24,SS,15,15,1,0,0,0,7,0,0,1,0,0,0.0,57,48,9,2,0,
167,161,Julian Peterson,DET,31,LLB,16,14,0,0,0,0,4,5,0,1,1,0,4.5,75,48,27,3,8,
168,162,Dominique Rodgers-Cromartie*,ARI,23,RCB,16,16,6,77,1,49,25,3,0,0,0,0,0.0,50,48,2,1,0,
169,163,Aaron Rouse,2TM,25,,16,9,0,0,0,0,4,,,,,,1.0,64,48,16,3,3,
170,164,Orlando Scandrick,DAL,22,,16,4,1,0,0,0,9,1,0,1,15,0,1.0,51,48,3,1,1,
171,165,Kamerion Wimbley,CLE,26,LOLB,15,15,0,0,0,0,1,1,0,0,0,0,6.5,69,48,21,8,14,
172,166,James Anderson ,CAR,26,rlb,16,7,0,0,0,0,1,1,0,1,3,0,1.0,65,47,18,3,1,
173,167,David Bowens,CLE,32,LILB,16,15,1,15,0,15,5,1,0,1,0,0,5.5,71,47,24,5,12,
174,168,Quentin Jammer,SDG,30,LCB,16,16,3,25,0,21,11,1,0,0,0,0,0.0,58,47,11,0,0,
175,169,Shaun Phillips,SDG,28,LOLB,16,16,0,0,0,0,4,7,0,0,0,0,7.0,59,47,12,9,11,
176,170,Darrelle Revis*+,NYJ,24,LCB,16,16,6,121,1,67,31,,,,,,0.0,54,47,7,0,0,
177,171,Gerald Sensabaugh,DAL,26,SS,15,15,1,0,0,0,8,,,,,,0.0,66,47,19,0,0,
178,172,Tramon Williams,GNB,26,rcb,16,10,4,94,0,67,15,,,,,,1.0,56,47,9,1,2,
179,173,Jovan Belcher,KAN,22,,16,3,0,0,0,0,1,,,,,,0.0,48,46,2,2,2,
180,174,Kelly Gregg,BAL,33,NT,16,14,,,,,,,,,,,3.0,63,46,17,7,5,
181,175,DeAngelo Hall,WAS,26,RCB,13,12,4,114,0,44,9,0,1,1,7,0,0.0,58,46,12,0,0,
182,176,D'Qwell Jackson,CLE,26,lilb,6,6,0,0,0,0,2,1,0,0,0,0,0.0,59,46,13,2,1,
183,177,Michael Johnson,NYG,25,SS,15,14,1,0,0,0,4,0,0,1,0,0,1.0,59,46,13,6,2,
184,178,Mathias Kiwanuka,NYG,26,rde,16,6,0,0,0,0,1,2,0,0,0,0,3.0,61,46,15,10,18,
185,179,Keith Rivers,CIN,23,RLB,13,13,1,0,0,0,2,,,,,,1.0,72,46,26,4,1,
186,Rk,Player,Tm,Age,Pos,G,GS,Int,Yds,TD,Lng,PD,FF,Fmb,FR,Yds,TD,Sk,Comb,Solo,Ast,TFL,QBHits,Sfty
187,180,Mark Roman,SFO,32,,16,1,1,27,0,27,2,1,0,3,25,0,1.0,53,46,7,3,1,
188,181,David Thornton ,TEN,31,LLB,11,11,,,,,,1,0,0,0,0,1.0,60,46,14,3,0,
189,182,Gerald Alexander,JAX,25,SS,15,10,2,23,0,22,5,3,0,1,0,0,0.0,55,45,10,0,0,
190,183,Zach Diles,HOU,24,RLB,16,12,0,0,0,0,1,2,0,1,0,0,0.0,62,45,17,7,1,1
191,184,Mike Jenkins*,DAL,24,RCB,16,15,5,0,0,0,19,,,,,,0.0,49,45,4,1,0,
192,185,Nate Jones,MIA,27,ss,16,5,2,0,0,0,10,2,0,0,0,0,1.0,54,45,9,0,1,
193,186,Sean Jones,PHI,27,FS,15,9,2,37,0,37,5,0,0,2,-1,0,1.0,62,45,17,3,3,
194,187,Calvin Pace,NYJ,29,ROLB,12,12,0,0,0,0,1,2,0,0,0,0,8.0,55,45,10,13,6,
195,188,Justin Tuck,NYG,26,LDE,16,15,0,0,0,0,8,5,0,1,0,0,6.0,59,45,14,10,13,
196,189,DeMarcus Ware*+,DAL,27,ROLB,16,15,0,0,0,0,6,5,0,0,0,0,11.0,57,45,12,9,24,
197,190,Nick Collins*,GNB,26,FS,16,16,6,110,0,31,13,0,0,2,4,0,1.0,53,44,9,3,1,
198,191,Channing Crowder,MIA,26,LILB,13,13,1,2,0,2,3,,,,,,1.0,52,44,8,3,2,
199,192,Derrick Harvey,JAX,23,RDE,16,16,0,0,0,0,2,0,0,1,0,0,2.0,57,44,13,5,8,
200,193,Renaldo Hill,DEN,31,SS,15,15,2,18,0,18,6,1,0,0,0,0,2.0,59,44,15,3,2,
201,194,Tim Jennings,IND,26,lcb,15,5,2,13,0,13,10,0,1,0,0,0,0.0,57,44,13,2,0,
202,195,Terrell Suggs,BAL,27,LOLB,13,13,0,0,0,0,5,1,0,1,0,0,4.5,59,44,15,9,7,
203,196,Corey Webster,NYG,27,LCB,13,13,1,0,0,0,12,,,,,,0.0,51,44,7,2,0,
204,197,Al Afalava,CHI,22,SS,13,13,0,0,0,0,7,1,0,1,43,0,2.0,53,43,10,3,3,
205,198,Jared Allen*+,MIN,27,RDE,16,16,1,-4,0,-4,4,5,0,3,54,1,14.5,51,43,8,19,23,1
206,199,Sheldon Brown,PHI,30,RCB,16,16,5,152,1,83,17,1,0,1,60,1,0.0,51,43,8,2,0,
207,200,Ray Edwards,MIN,24,LDE,16,16,0,0,0,0,2,1,0,1,0,0,8.5,51,43,8,15,26,
208,201,Kevin Ellison,SDG,22,SS,13,9,0,0,0,0,3,,,,,,1.0,52,43,9,3,2,
209,202,Scott Fujita,NOR,30,LLB,11,10,0,0,0,0,2,2,0,0,0,0,1.0,58,43,15,2,1,
210,203,Daniel Muir,IND,26,LDT,16,10,,,,,,,,,,,0.5,52,43,9,5,3,
211,204,Robaire Smith,CLE,32,RDE,15,15,,,,,,,,,,,1.5,62,43,19,1,7,
212,205,Marcus Trufant,SEA,29,LCB,10,9,2,4,0,4,6,,,,,,0.0,49,43,6,0,0,
213,206,Mike Vrabel,KAN,34,LOLB,14,14,0,0,0,0,6,2,0,1,0,0,2.0,52,43,9,2,2,
214,207,Darnell Dockett*,ARI,28,RDE,16,16,1,3,0,3,2,1,1,1,0,0,7.0,51,42,9,18,16,
215,208,Elvis Dumervil*+,DEN,25,ROLB,16,14,0,0,0,0,3,4,0,1,0,0,17.0,49,42,7,14,21,
216,209,Kelvin Hayden,IND,26,LCB,9,8,1,6,0,6,5,,,,,,0.0,50,42,8,1,0,
217,Rk,Player,Tm,Age,Pos,G,GS,Int,Yds,TD,Lng,PD,FF,Fmb,FR,Yds,TD,Sk,Comb,Solo,Ast,TFL,QBHits,Sfty
218,210,Clint Ingram,JAX,26,RLB,13,12,,,,,,,,,,,1.0,52,42,10,5,5,
219,211,Jon McGraw,KAN,30,FS,14,9,1,27,0,27,1,0,0,1,0,0,1.0,46,42,4,4,2,
220,212,Mike Patterson,PHI,26,LDT,16,16,,,,,,,,,,,1.5,55,42,13,4,3,
221,213,Ed Reed*,BAL,31,FS,12,12,3,111,1,52,5,3,3,3,13,0,0.0,50,42,8,2,0,
222,214,Randy Starks,MIA,26,RDE,16,16,,,,,,0,0,1,0,0,7.0,56,42,14,10,17,
223,215,Philip Wheeler,IND,25,llb,16,7,0,0,0,0,1,1,0,0,0,0,1.0,61,42,19,3,2,
224,216,Donte Whitner,BUF,24,ss,10,8,2,104,1,76,5,,,,,,0.0,57,42,15,2,1,
225,217,Glenn Dorsey,KAN,24,RDE,15,14,0,0,0,0,2,0,0,3,0,0,1.0,54,41,13,3,3,
226,218,Chris Kelsay,BUF,30,LDE,16,16,,,,,,1,0,1,0,0,5.0,62,41,21,6,10,
227,219,Brandon Mebane,SEA,24,LDT,15,15,,,,,,,,,,,1.5,49,41,8,8,6,
228,220,Justin Smith*,SFO,30,RDE,16,16,0,0,0,0,1,2,0,2,0,0,6.0,55,41,14,11,15,
229,221,Bryan Thomas,NYJ,30,LOLB,16,14,0,0,0,0,1,1,0,2,7,0,2.0,53,41,12,6,7,
230,222,Marvin White,2TM,26,,13,6,0,0,0,0,6,,,,,,0.0,53,41,12,0,0,
231,223,Kyle Williams,BUF,26,RDT,14,14,,,,,,1,0,0,0,0,4.0,66,41,25,14,13,
232,224,Josh Wilson,SEA,24,RCB,12,12,2,126,2,65,13,0,0,1,43,0,1.0,45,41,4,2,4,
233,225,Chris Crocker,CIN,29,FS,13,13,2,38,0,20,9,1,0,0,0,0,0.0,52,40,12,1,0,
234,226,Keith Ellison,BUF,25,LLB,8,8,0,0,0,0,2,,,,,,0.0,68,40,28,3,1,
235,227,Andre' Goodman,DEN,31,RCB,16,16,5,65,0,30,17,0,0,1,30,1,1.0,44,40,4,1,3,
236,228,Jabari Greer,NOR,27,LCB,9,8,2,59,1,48,13,,,,,,0.0,43,40,3,1,2,
237,229,Ken Hamlin,DAL,28,FS,12,12,0,0,0,0,2,,,,,,0.0,52,40,12,0,1,
238,230,Brandon Johnson ,CIN,26,,16,3,0,0,0,0,4,0,0,1,0,0,1.5,58,40,18,2,4,
239,231,Terrence McGee,BUF,29,LCB,11,10,1,3,0,3,7,,,,,,0.0,48,40,8,1,0,
240,232,Antonio Pierce,NYG,31,MLB,9,9,0,0,0,0,3,1,0,1,3,0,1.0,55,40,15,4,4,
241,233,Benny Sapp,MIN,28,lcb,16,7,0,0,0,0,6,2,0,0,0,0,0.0,44,40,4,1,1,
242,234,Darryl Tapp,SEA,25,rde,16,5,0,0,0,0,3,0,0,1,0,0,2.5,49,40,9,9,16,
243,235,Tim Dobbins,SDG,27,,14,2,1,13,0,13,1,1,0,0,0,0,1.0,55,39,16,2,2,
244,236,Tavares Gooden,BAL,25,LILB,12,12,0,0,0,0,1,,,,,,0.0,47,39,8,2,2,
245,237,James Hall ,STL,32,RDE,14,14,0,0,0,0,1,,,,,,4.5,42,39,3,6,9,
246,238,Chris Houston,ATL,25,RCB,12,10,1,4,0,4,9,,,,,,0.0,47,39,8,1,0,
247,239,Rey Maualuga,CIN,22,LLB,15,15,0,0,0,0,2,3,0,0,0,0,1.0,63,39,24,6,1,
248,Rk,Player,Tm,Age,Pos,G,GS,Int,Yds,TD,Lng,PD,FF,Fmb,FR,Yds,TD,Sk,Comb,Solo,Ast,TFL,QBHits,Sfty
249,240,Captain Munnerlyn,CAR,21,,15,4,0,0,0,0,1,1,2,2,0,0,0.0,44,39,5,0,0,
250,241,Kevin Payne,CHI,26,ss,13,5,0,0,0,0,5,,,,,,0.0,46,39,7,0,0,
251,242,Brodney Pool,CLE,25,SS,11,10,4,33,0,32,11,,,,,,1.0,50,39,11,4,1,
252,243,Asante Samuel*,PHI,28,LCB,16,16,9,117,0,37,16,1,0,1,0,0,0.0,40,39,1,1,0,
253,244,Kroy Biermann,ATL,24,,16,2,,,,,,1,0,2,4,1,5.0,49,38,11,8,8,
254,245,Phillip Buchanon,DET,29,RCB,13,11,0,0,0,0,4,2,1,1,0,0,1.0,43,38,5,2,0,
255,246,Chris Carr,BAL,26,,16,4,2,24,0,13,4,2,2,0,0,0,1.5,44,38,6,3,3,
256,247,Antoine Cason,SDG,23,,16,1,2,22,0,22,3,,,,,,0.0,41,38,3,1,0,
257,248,Hiram Eugene,OAK,29,,14,4,1,0,0,0,3,0,0,1,0,0,0.0,43,38,5,0,0,
258,249,Victor Harris,PHI,23,fs,15,8,0,0,0,0,3,0,2,0,0,0,0.0,41,38,3,3,0,
259,250,Anthony Henry ,DET,33,lcb,14,6,2,26,0,26,7,,,,,,0.0,46,38,8,0,0,
260,251,Will Herring,SEA,26,llb,16,6,0,0,0,0,1,1,0,1,0,0,0.0,46,38,8,5,0,
261,252,Ben Leber ,MIN,31,RLB,16,13,0,0,0,0,5,1,0,1,0,0,2.5,46,38,8,5,4,
262,253,Paul Oliver,SDG,25,,16,3,1,34,0,34,3,0,0,1,40,1,1.0,49,38,11,2,1,
263,254,Trevor Scott,OAK,25,LLB,16,6,,,,,,,,,,,7.0,43,38,5,11,12,
264,255,Eric Smith,NYJ,26,,16,4,1,0,0,0,6,,,,,,0.0,48,38,10,4,2,
265,256,Marcus Stroud,BUF,31,LDT,15,15,0,0,0,0,8,0,0,1,0,0,2.0,56,38,18,7,4,
266,257,Mario Williams*,HOU,24,RDE,16,16,0,0,0,0,3,2,0,1,0,0,9.0,43,38,5,13,21,
267,258,Michael Adams,ARI,24,,16,1,1,17,0,17,4,,,,,,0.0,40,37,3,0,0,
268,259,Russell Allen,JAX,23,rlb,16,5,,,,,,,,,,,0.0,47,37,10,3,0,
269,260,Jonathan Babineaux,ATL,28,LDT,16,16,0,0,0,0,2,2,0,2,0,0,6.0,47,37,10,13,10,
270,261,Atari Bigby,GNB,28,SS,13,11,4,14,0,14,8,,,,,,0.0,49,37,12,0,1,
271,262,Chase Blackburn,NYG,26,rlb,16,7,1,24,0,24,1,,,,,,0.5,60,37,23,4,1,
272,263,Tyler Brayton,CAR,30,LDE,15,15,0,0,0,0,1,2,0,1,0,0,5.0,46,37,9,6,11,
273,264,Bobby Carpenter,DAL,26,,16,2,0,0,0,0,1,,,,,,2.0,46,37,9,3,5,
274,265,Tim Crowder,TAM,24,,15,4,0,0,0,0,2,0,0,1,0,0,3.5,43,37,6,2,7,
275,266,LeRoy Hill,SEA,27,LLB,11,11,,,,,,,,,,,1.0,46,37,9,4,1,
276,267,Tommy Kelly,OAK,29,LDT,16,16,0,0,0,0,3,,,,,,1.0,55,37,18,6,6,
277,268,Clay Matthews*,GNB,23,ROLB,16,13,0,0,0,0,7,1,0,3,46,1,10.0,51,37,14,17,21,
278,269,Brian Orakpo*,WAS,23,LLB,16,16,0,0,0,0,2,1,0,0,0,0,11.0,50,37,13,13,15,
279,Rk,Player,Tm,Age,Pos,G,GS,Int,Yds,TD,Lng,PD,FF,Fmb,FR,Yds,TD,Sk,Comb,Solo,Ast,TFL,QBHits,Sfty
280,270,Will Smith,NOR,28,RDE,16,16,1,0,0,0,3,3,0,0,0,0,13.0,49,37,12,14,26,
281,271,Jonathan Wilhite,NWE,25,lcb,14,8,2,17,0,17,5,0,0,1,0,0,0.0,45,37,8,1,0,
282,272,Anthony Adams ,CHI,29,rdt,16,8,0,0,0,0,1,0,0,2,3,0,2.0,44,36,8,3,6,
283,273,Eric Barton,CLE,32,RILB,8,8,0,0,0,0,2,0,0,1,0,0,0.0,58,36,22,1,1,
284,274,Alex Brown,CHI,30,RDE,16,16,0,0,0,0,1,1,0,1,0,0,6.0,48,36,12,10,18,
285,275,Calais Campbell,ARI,23,LDE,16,15,0,0,0,0,5,1,0,0,0,0,7.0,47,36,11,8,14,
286,276,Marques Douglas,NYJ,32,RDE,16,12,,,,,,1,0,2,1,1,1.5,64,36,28,6,2,
287,277,Joselio Hanson,PHI,28,,12,1,2,8,0,6,8,0,0,1,12,0,0.5,47,36,11,4,1,
288,278,Bruce Johnson ,NYG,22,,16,5,2,83,1,49,8,,,,,,1.0,46,36,10,0,0,
289,279,Jarret Johnson,BAL,28,ROLB,16,16,2,8,0,8,4,1,0,0,0,0,6.0,50,36,14,9,9,
290,280,Brett Keisel,PIT,31,RDE,15,15,0,0,0,0,2,1,0,2,0,0,3.0,54,36,18,4,5,
291,281,Julius Peppers*,CAR,29,RDE,16,14,2,13,1,13,5,5,0,1,11,0,10.5,42,36,6,10,18,
292,282,Carlos Rogers,WAS,28,LCB,16,15,0,0,0,0,12,0,0,2,18,0,0.0,39,36,3,1,0,
293,283,David Vobora,STL,23,LLB,12,10,0,0,0,0,2,1,0,0,0,0,0.0,46,36,10,4,1,
294,284,Tully Banta-Cain,NWE,29,LOLB,16,10,0,0,0,0,2,2,0,0,0,0,10.0,55,35,20,12,17,
295,285,Dwan Edwards,BAL,28,RDE,16,9,0,0,0,0,1,0,0,2,0,1,1.0,47,35,12,3,7,
296,286,Shaun Ellis*,NYJ,32,LDE,15,15,0,0,0,0,1,1,1,0,1,0,6.5,53,35,18,8,8,
297,287,Chris Gocong,PHI,26,RLB,15,11,0,0,0,0,2,1,0,0,0,0,1.0,44,35,9,2,2,
298,288,Charles Godfrey,CAR,24,FS,12,11,1,12,0,12,5,4,0,0,0,0,0.0,45,35,10,1,0,
299,289,Paris Lenon,STL,32,RLB,15,10,0,0,0,0,1,3,0,0,0,0,0.0,42,35,7,3,0,
300,290,Chike Okeafor,ARI,33,LOLB,13,13,0,0,0,0,1,,,,,,4.5,47,35,12,5,7,
301,291,Clifton Ryan,STL,25,RDT,16,15,0,0,0,0,1,,,,,,1.0,42,35,7,9,2,
302,292,Fabian Washington,BAL,26,LCB,10,10,0,0,0,0,6,,,,,,0.0,37,35,2,2,0,
303,293,Jamar Williams,CHI,25,,16,2,0,0,0,0,2,1,0,0,0,0,0.0,43,35,8,0,1,
304,294,Tarell Brown,SFO,24,,16,4,2,52,0,51,8,,,,,,0.0,40,34,6,0,1,
305,295,Danny Clark,NYG,32,LLB,16,11,0,0,0,0,3,,,,,,2.0,53,34,19,6,2,
306,296,Dannell Ellerbe,BAL,24,,13,3,1,28,0,28,1,0,0,1,0,0,0.0,41,34,7,3,0,
307,297,Terrance Knighton,JAX,23,RDT,16,16,0,0,0,0,1,1,0,1,0,0,1.5,45,34,11,6,2,
308,298,Kaluka Maiava,CLE,22,,16,3,0,0,0,0,2,2,0,0,0,0,2.5,45,34,11,1,5,
309,299,Joey Porter ,MIA,32,ROLB,14,14,0,0,0,0,1,1,0,1,0,0,9.0,41,34,7,10,13,
310,Rk,Player,Tm,Age,Pos,G,GS,Int,Yds,TD,Lng,PD,FF,Fmb,FR,Yds,TD,Sk,Comb,Solo,Ast,TFL,QBHits,Sfty
311,300,Aaron Schobel,BUF,32,RDE,16,16,1,26,1,26,4,3,0,1,0,0,10.0,56,34,22,17,17,
312,301,Shawn Springs,NWE,34,LCB,12,8,1,8,0,8,4,,,,,,0.0,39,34,5,0,0,
313,302,Pat Williams,MIN,37,LDT,15,15,0,0,0,0,3,2,0,0,0,0,2.0,45,34,11,7,3,
314,303,Darius Butler,NWE,23,lcb,14,5,3,91,1,91,8,,,,,,0.0,35,33,2,0,0,
315,304,Jairus Byrd *,BUF,23,FS,14,11,9,118,0,37,11,,,,,,0.0,45,33,12,0,0,
316,305,Na'il Diggs,CAR,31,LLB,14,11,0,0,0,0,1,1,0,0,0,0,0.0,39,33,6,3,2,
317,306,Parys Haralson,SFO,25,ROLB,16,16,0,0,0,0,2,0,0,1,0,0,5.0,45,33,12,12,16,
318,307,Spencer Johnson,BUF,28,,16,3,0,0,0,0,1,0,0,1,0,0,2.0,43,33,10,5,4,
319,308,Justin King,STL,22,rcb,15,7,0,0,0,0,2,0,0,1,0,0,0.0,36,33,3,0,2,
320,309,Kendall Langford,MIA,23,LDE,16,13,0,0,0,0,1,1,0,0,0,0,2.5,43,33,10,3,5,
321,310,Chris Long ,STL,24,,16,4,0,0,0,0,1,1,0,0,0,0,5.0,43,33,10,7,12,
322,311,Sione Pouha,NYJ,30,NT,16,14,0,0,0,0,1,,,,,,0.0,45,33,12,3,2,
323,312,Jason Taylor,MIA,35,LOLB,16,15,1,0,0,0,5,3,0,1,48,1,7.0,42,33,9,9,10,
324,313,Kyle Vanden Bosch*,TEN,31,RDE,16,16,0,0,0,0,1,2,0,0,0,0,3.0,45,33,12,7,14,
325,314,Ty Warren,NWE,28,LDE,13,12,0,0,0,0,1,,,,,,1.0,46,33,13,2,5,
326,315,H.B. Blades,WAS,25,,16,1,,,,,,,,,,,0.0,41,32,9,0,0,
327,316,Randall Gay,NOR,27,lcb,14,7,1,25,0,25,5,,,,,,1.0,37,32,5,2,2,
328,317,Gerald McRath,TEN,23,llb,16,5,1,1,0,1,1,,,,,,0.0,47,32,15,2,1,
329,318,James Sanders ,NWE,26,fs,14,5,0,0,0,0,3,1,0,1,0,0,0.0,48,32,16,0,0,
330,319,Ernie Sims,DET,25,rlb,11,8,0,0,0,0,1,0,0,1,0,0,0.0,49,32,17,2,0,
331,320,Sean Smith,MIA,22,RCB,16,16,0,0,0,0,12,0,0,1,0,0,0.0,39,32,7,0,0,
332,321,Lardarius Webb,BAL,24,,14,4,0,0,0,0,6,,,,,,1.0,35,32,3,5,1,
333,322,Wesley Woodyard,DEN,23,,16,0,1,0,0,0,2,1,0,0,0,0,0.0,44,32,12,2,2,
334,323,Brandon Chillar,GNB,27,,12,4,0,0,0,0,1,0,0,1,0,0,2.0,41,31,10,3,3,
335,324,Antonio Cromartie,SDG,25,RCB,16,16,3,17,0,16,10,,,,,,0.0,33,31,2,0,0,
336,325,Chris Draft,BUF,33,,11,3,1,0,0,0,1,,,,,,1.0,45,31,14,3,2,
337,326,Keyaron Fox,PIT,27,,16,3,1,82,1,82,1,0,0,1,5,0,0.0,44,31,13,1,0,
338,327,Corey Graham,CHI,24,,16,1,0,0,0,0,1,,,,,,0.0,35,31,4,0,1,
339,328,Charles Grant,NOR,31,LDE,16,16,0,0,0,0,2,1,0,0,0,0,5.5,44,31,13,6,12,
340,329,William Hayes,TEN,24,LDE,16,11,,,,,,2,0,0,0,0,4.0,51,31,20,9,11,
341,Rk,Player,Tm,Age,Pos,G,GS,Int,Yds,TD,Lng,PD,FF,Fmb,FR,Yds,TD,Sk,Comb,Solo,Ast,TFL,QBHits,Sfty
342,330,Anthony Smith,2TM,26,,10,2,2,34,0,30,4,0,0,1,0,0,0.0,37,31,6,1,2,
343,331,Vince Wilfork*,NWE,28,NT,13,13,0,0,0,0,3,1,0,0,0,0,0.0,43,31,12,4,0,
344,332,John Abraham,ATL,31,LDE,16,15,0,0,0,0,1,1,0,0,0,0,5.5,35,30,5,6,14,
345,333,Nnamdi Asomugha*,OAK,28,RCB,16,16,1,0,0,0,3,,,,,,0.0,34,30,4,8,0,
346,334,Tyron Brackenridge,JAX,25,rcb,16,5,0,0,0,0,4,2,0,1,12,0,0.0,33,30,3,1,0,
347,335,Jasper Brinkley,MIN,24,,16,4,,,,,,1,0,0,0,0,0.0,31,30,1,2,0,
348,336,Brodrick Bunkley,PHI,26,RDT,16,16,0,0,0,0,4,0,0,1,0,0,1.0,37,30,7,5,2,
349,337,Nate Clements,SFO,30,LCB,7,6,1,8,0,8,7,0,1,0,0,0,0.0,35,30,5,2,0,
350,338,Eric Foster ,IND,24,,16,5,0,0,0,0,2,1,0,1,0,0,2.5,38,30,8,5,7,
351,339,Anthony Hargrove,NOR,26,rdt,16,6,0,0,0,0,3,1,0,3,1,1,5.0,40,30,10,,,
352,340,Derrick Johnson ,KAN,27,,15,3,3,175,2,70,5,1,0,0,0,0,1.0,37,30,7,2,1,
353,341,Aaron Kampman,GNB,30,LOLB,9,9,,,,,,1,0,0,0,0,3.5,42,30,12,4,16,
354,342,Marquand Manuel,DET,30,ss,9,6,0,0,0,0,2,1,0,0,0,0,0.0,36,30,6,0,0,
355,343,Juqua Parker,PHI,31,LDE,16,11,0,0,0,0,4,2,0,0,0,0,8.0,34,30,4,10,13,
356,344,Richard Seymour,OAK,30,LDE,16,16,0,0,0,0,3,1,0,0,0,0,4.0,47,30,17,8,12,
357,345,Stylez G. White,TAM,30,RDE,15,8,0,0,0,0,1,,,,,,6.5,43,30,13,,,
358,346,Justin Bannan,BAL,30,,16,2,,,,,,,,,,,0.0,35,29,6,2,2,
359,347,Colin Cole,SEA,29,RDT,16,15,0,0,0,0,2,0,0,1,2,0,0.0,48,29,19,1,0,
360,348,Al Harris,GNB,35,RCB,10,10,2,29,0,29,5,0,0,1,0,0,1.0,34,29,5,2,2,
361,349,Albert Haynesworth,WAS,28,RDT,12,12,0,0,0,0,5,0,0,1,0,0,4.0,37,29,8,6,13,
362,350,Damione Lewis,CAR,31,RDT,16,16,,,,,,0,0,1,0,0,0.5,41,29,12,4,9,
363,351,Rashean Mathis,JAX,29,RCB,10,10,3,46,0,29,7,2,0,1,0,0,0.0,33,29,4,0,1,
364,352,Igor Olshansky,DAL,27,RDE,16,14,,,,,,,,,,,1.5,40,29,11,2,4,
365,353,Jay Ratliff*+,DAL,28,NT,16,16,,,,,,2,0,4,0,0,6.0,40,29,11,11,8,
366,354,Jeremiah Trotter,PHI,32,MLB,13,7,,,,,,,,,,,0.0,32,29,3,1,0,
367,355,Jimmy Wilkerson,TAM,28,LDE,15,15,0,0,0,0,2,2,0,0,0,0,6.0,46,29,17,3,14,
368,356,Dominique Barber,HOU,23,fs,13,6,1,3,0,3,4,0,0,2,48,1,0.0,33,28,5,0,1,
369,357,Tony Brown,TEN,29,RDT,15,15,0,0,0,0,1,3,0,1,0,0,5.0,38,28,10,8,12,
370,358,Kenyon Coleman,CLE,30,LDE,13,13,0,0,0,0,2,,,,,,1.5,38,28,10,4,2,
371,359,Sean Considine,JAX,27,ss,11,6,1,25,0,25,4,0,0,1,0,0,0.0,35,28,7,2,0,
372,Rk,Player,Tm,Age,Pos,G,GS,Int,Yds,TD,Lng,PD,FF,Fmb,FR,Yds,TD,Sk,Comb,Solo,Ast,TFL,QBHits,Sfty
373,360,Chris Horton,WAS,25,ss,8,5,0,0,0,0,3,1,0,1,0,0,0.0,37,28,9,2,0,
374,361,Ramon Humber,IND,22,,16,2,,,,,,1,0,0,0,0,0.0,33,28,5,1,0,
375,362,Lawrence Jackson,SEA,24,RDE,16,10,0,0,0,0,2,2,0,0,0,0,4.5,32,28,4,4,13,
376,363,Ken Lucas,SEA,30,rcb,16,6,1,0,0,0,2,,,,,,0.0,34,28,6,0,0,
377,364,Roy Miller,TAM,22,,15,1,0,0,0,0,1,,,,,,2.0,34,28,6,4,6,
378,365,Reggie Torbor,MIA,28,,16,2,1,0,0,0,4,,,,,,1.0,37,28,9,6,7,
379,366,Cliff Avril,DET,23,RDE,13,11,0,0,0,0,3,3,0,0,0,0,5.5,41,27,14,5,9,
380,367,Derrick Burgess,NWE,31,rdt,16,6,,,,,,1,0,1,0,0,5.0,34,27,7,4,12,
381,368,Moise Fokou,PHI,24,,16,4,0,0,0,0,1,0,0,2,0,0,0.0,39,27,12,0,0,
382,369,Vincent Fuller,TEN,27,,13,1,3,71,2,45,7,,,,,,1.0,33,27,6,3,1,
383,370,Jason Hunter,DET,26,LDE,14,9,0,0,0,0,3,0,0,2,0,0,5.0,34,27,7,9,11,
384,371,Kelly Jennings,SEA,27,rcb,16,7,0,0,0,0,5,,,,,,0.0,30,27,3,0,0,
385,372,Freddy Keiaho,IND,27,,16,2,0,0,0,0,1,0,0,2,0,0,1.0,38,27,11,2,3,
386,373,Lawyer Milloy,SEA,36,,16,1,0,0,0,0,2,,,,,,0.0,34,27,7,0,2,
387,374,Shaun Rogers,CLE,30,NT,11,11,0,0,0,0,1,,,,,,2.0,36,27,9,3,10,
388,375,Tracy White,PHI,28,,16,0,1,5,0,5,3,0,0,1,0,0,0.0,36,27,9,2,2,
389,376,Corey Williams,CLE,29,,16,2,0,0,0,0,4,1,0,0,0,0,4.0,31,27,4,5,12,
390,377,Alan Ball,DAL,24,,16,3,0,0,0,0,3,,,,,,0.0,31,26,5,0,0,
391,378,Dre' Bly,SFO,32,lcb,16,6,3,66,0,31,13,2,1,3,3,0,1.0,29,26,3,2,1,
392,379,John Busing,HOU,26,,16,4,1,14,0,14,3,0,1,0,0,0,0.0,32,26,6,0,1,
393,380,Sedrick Ellis,NOR,24,RDT,10,10,0,0,0,0,2,0,1,1,7,0,2.0,34,26,8,2,3,
394,381,Larry English,SDG,23,,16,2,0,0,0,0,1,1,0,1,0,0,2.0,36,26,10,2,7,
395,382,John Henderson,JAX,30,LDT,15,15,0,0,0,0,3,2,0,1,0,0,3.0,36,26,10,4,6,
396,383,Chris Hovan,TAM,31,RDT,16,16,,,,,,,,,,,0.5,33,26,7,3,3,
397,384,Chevis Jackson,ATL,24,,15,2,0,0,0,0,2,1,0,1,0,0,1.0,29,26,3,2,1,
398,385,Tyson Jackson,KAN,23,LDE,16,14,0,0,0,0,2,,,,,,0.0,37,26,11,1,2,
399,386,Brad Jones,GNB,23,lolb,14,7,0,0,0,0,1,,,,,,4.0,33,26,7,6,8,
400,387,Elbert Mack,TAM,23,,15,3,3,36,0,36,4,,,,,,0.0,29,26,3,0,0,
401,388,Shawne Merriman,SDG,25,ROLB,14,14,,,,,,0,0,1,0,0,4.0,36,26,10,5,6,
402,389,Kareem Moore,WAS,25,,16,1,1,14,0,14,3,2,1,0,0,0,0.0,34,26,8,0,0,
403,Rk,Player,Tm,Age,Pos,G,GS,Int,Yds,TD,Lng,PD,FF,Fmb,FR,Yds,TD,Sk,Comb,Solo,Ast,TFL,QBHits,Sfty
404,390,Haloti Ngata*,BAL,25,LDE,14,13,0,0,0,0,1,1,0,1,0,0,1.5,35,26,9,7,7,
405,391,Adewale Ogunleye ,CHI,32,LDE,14,14,,,,,,0,0,3,-2,0,6.5,38,26,12,7,15,
406,392,Amobi Okoye,HOU,22,RDT,16,16,0,0,0,0,3,,,,,,1.5,38,26,12,6,6,
407,393,Kenny Peterson,DEN,31,RDE,16,14,,,,,,1,0,0,0,0,1.0,40,26,14,2,1,
408,394,Hank Poteat,CLE,32,,16,2,0,0,0,0,4,,,,,,1.0,34,26,8,2,1,
409,395,Pierson Prioleau,NOR,32,,16,1,0,0,0,0,1,0,0,1,0,0,0.0,29,26,3,0,0,
410,396,Matt Shaughnessy,OAK,23,,16,2,,,,,,0,0,1,0,0,4.0,29,26,3,10,5,
411,397,Ko Simpson,DET,26,ss,8,5,1,8,0,8,4,0,0,1,0,0,0.0,30,26,4,1,0,
412,398,Antonio Smith,HOU,28,LDE,16,15,0,0,0,0,1,2,0,2,2,0,4.5,34,26,8,6,19,
413,399,Adalius Thomas,NWE,32,ROLB,14,11,0,0,0,0,2,,,,,,3.0,34,26,8,7,6,
414,400,Hollis Thomas ,2TM,35,,16,13,,,,,,0,0,1,0,0,0.0,35,26,9,4,1,1
415,401,Tank Tyler,2TM,24,,12,2,,,,,,,,,,,0.0,30,26,4,1,0,
416,402,Raheem Brock ,IND,31,lde,16,8,0,0,0,0,1,0,0,2,9,0,3.5,32,25,7,3,5,
417,403,Jarrett Bush,GNB,25,,16,3,1,3,0,3,7,,,,,,0.0,28,25,3,0,0,
418,404,Quincy Butler,STL,26,RCB,14,7,0,0,0,0,5,0,1,0,0,0,0.0,28,25,3,0,0,
419,405,Patrick Chung,NWE,22,,16,1,1,2,0,2,1,1,0,0,0,0,2.0,37,25,12,2,2,
420,406,Tyrone Culver,MIA,26,,16,2,1,23,0,23,4,0,0,1,0,0,0.0,32,25,7,0,0,
421,407,Greg Ellis,OAK,34,RDE,14,14,0,0,0,0,1,2,0,2,0,0,7.0,29,25,4,7,11,
422,408,Troy Evans,NOR,32,,16,2,0,0,0,0,1,,,,,,0.0,29,25,4,1,1,
423,409,Aubrayo Franklin,SFO,29,NT,16,16,1,10,0,10,3,,,,,,2.0,36,25,11,7,2,
424,410,Johnny Jolly,GNB,26,LDE,16,16,1,2,0,2,10,0,0,2,0,0,1.0,40,25,15,4,7,
425,411,Jason McCourty,TEN,22,,15,3,,,,,,1,0,0,0,0,0.0,30,25,5,3,0,
426,412,Jacques Reeves,HOU,27,lcb,12,5,1,19,0,19,7,,,,,,0.0,31,25,6,0,0,
427,413,Lito Sheppard,NYJ,28,RCB,11,9,1,0,0,0,8,,,,,,0.0,31,25,6,0,0,
428,414,Ryan Sims,TAM,29,LDT,16,16,0,0,0,0,1,0,0,1,0,0,1.0,33,25,8,3,5,
429,415,Gerard Warren,OAK,31,RDT,16,16,0,0,0,0,1,,,,,,2.0,35,25,10,4,5,
430,416,Pierre Woods,NWE,27,,16,5,,,,,,1,0,0,0,0,0.0,36,25,11,3,0,
431,417,Mike Wright,NWE,27,dt,16,9,0,0,0,0,1,1,0,1,0,0,5.0,35,25,10,6,8,
432,418,Ricky Brown,OAK,26,llb,5,5,0,0,0,0,2,1,0,0,0,0,0.0,31,24,7,0,0,
433,419,Desmond Bryant,OAK,24,,16,0,,,,,,1,0,1,0,0,0.0,32,24,8,0,0,
434,Rk,Player,Tm,Age,Pos,G,GS,Int,Yds,TD,Lng,PD,FF,Fmb,FR,Yds,TD,Sk,Comb,Solo,Ast,TFL,QBHits,Sfty
435,420,Phillip Daniels,WAS,36,LDE,16,15,0,0,0,0,2,,,,,,1.0,35,24,11,4,3,
436,421,Ron Edwards,KAN,30,NT,16,14,0,0,0,0,3,0,0,1,0,0,0.0,29,24,5,3,3,
437,422,Omar Gaither,PHI,25,,5,3,0,0,0,0,1,0,0,1,0,0,1.5,30,24,6,4,2,
438,423,Quentin Groves ,JAX,25,LDE,16,7,1,37,0,37,1,1,0,0,0,0,0.0,30,24,6,4,3,
439,424,Kevin Hobbs,DET,23,,14,2,0,0,0,0,1,1,0,0,0,0,0.0,37,24,13,1,2,
440,425,Vonnie Holliday ,DEN,34,,16,3,,,,,,2,0,1,0,0,5.0,33,24,9,5,10,
441,426,Robert Mathis*,IND,28,LDE,14,9,0,0,0,0,2,5,0,0,0,0,9.5,37,24,13,4,19,
442,427,Phillip Merling,MIA,24,,16,2,0,0,0,0,3,0,0,1,0,0,2.5,33,24,9,3,6,
443,428,Chris Owens,ATL,23,LCB,16,6,2,13,0,13,2,0,0,1,0,0,0.0,29,24,5,0,1,
444,429,Karl Paymah,MIN,27,,12,2,0,0,0,0,2,1,0,0,0,0,0.0,27,24,3,1,0,
445,430,Andy Studebaker,KAN,24,,16,2,2,96,0,94,3,1,0,1,0,1,0.0,28,24,4,0,0,
446,431,Deshea Townsend,PIT,34,,16,2,1,-1,0,-1,3,,,,,,0.0,27,24,3,1,2,
447,432,Pat Watkins,DAL,27,,13,1,,,,,,,,,,,0.0,29,24,5,0,0,
448,433,Tom Zbikowski,BAL,24,,15,4,2,13,0,21,4,,,,,,0.0,29,24,5,0,0,
449,434,Asher Allen,MIN,21,,10,1,1,0,0,0,1,1,0,0,0,0,1.0,27,23,4,1,0,
450,435,Barry Cofield,NYG,25,LDT,16,16,0,0,0,0,2,,,,,,1.0,35,23,12,5,3,
451,436,Bradley Fletcher,STL,23,,7,3,0,0,0,0,1,0,0,1,-2,0,0.0,23,23,0,2,0,
452,437,Casey Hampton *,PIT,32,NT,16,16,,,,,,,,,,,2.5,43,23,20,7,5,
453,438,Brian Iwuh,JAX,25,,15,2,,,,,,,,,,,0.0,29,23,6,1,1,
454,439,Cullen Jenkins,GNB,28,RDE,16,16,1,4,0,4,1,3,0,0,0,0,4.5,32,23,9,8,11,
455,440,Antonio Johnson ,IND,25,RDT,15,15,,,,,,,,,,,1.0,34,23,11,2,2,
456,441,Patrick Kerney,SEA,33,LDE,15,14,,,,,,3,0,0,0,0,5.0,34,23,11,6,9,
457,442,Marvin Mitchell ,NOR,25,,14,2,,,,,,,,,,,0.0,27,23,4,1,0,
458,443,Stanford Routt,OAK,26,,16,1,0,0,0,0,7,,,,,,1.0,29,23,6,2,2,
459,444,Ahtyba Rubin,CLE,23,nt,16,5,,,,,,1,0,0,0,0,0.0,38,23,15,0,1,
460,445,Jamarca Sanford,MIN,24,,14,1,,,,,,,,,,,0.0,30,23,7,1,0,
461,446,Eugene Wilson,HOU,29,FS,8,8,2,29,0,16,3,1,0,0,0,0,0.0,29,23,6,0,0,
462,447,Jeff Zgonina,HOU,39,,16,2,,,,,,0,0,1,0,0,2.5,28,23,5,3,3,
463,448,Mark Anderson ,CHI,26,,16,2,,,,,,,,,,,3.5,28,22,6,6,8,
464,449,Dan Connor,CAR,24,,16,0,,,,,,0,0,1,0,0,0.0,30,22,8,0,0,
465,Rk,Player,Tm,Age,Pos,G,GS,Int,Yds,TD,Lng,PD,FF,Fmb,FR,Yds,TD,Sk,Comb,Solo,Ast,TFL,QBHits,Sfty
466,450,Kevin Dockery,NYG,25,,11,3,0,0,0,0,1,1,1,1,0,0,0.0,25,22,3,0,0,
467,451,Ronald Fields,DEN,28,NT,16,16,,,,,,,,,,,0.0,37,22,15,1,0,
468,452,Cornelius Griffin,WAS,33,LDT,14,14,0,0,0,0,1,1,0,0,0,0,2.0,34,22,12,4,3,
469,453,Nic Harris,BUF,23,,15,2,,,,,,0,0,1,16,0,0.0,30,22,8,3,0,
470,454,Darren Howard,PHI,33,,16,0,0,0,0,0,3,2,0,0,0,0,6.5,24,22,2,7,11,1
471,455,Dwight Lowery,NYJ,23,rcb,13,5,3,41,0,34,9,0,0,1,0,0,0.0,24,22,2,0,1,
472,456,Darcel McBath,DEN,24,,13,0,2,28,0,25,3,,,,,,0.0,26,22,4,0,0,
473,457,Ryan Pickett,GNB,30,NT,13,9,0,0,0,0,2,,,,,,0.0,33,22,11,3,3,
474,458,Jamie Silva,IND,25,,14,0,0,0,0,0,2,0,1,1,0,0,0.0,30,22,8,0,0,
475,459,Fred Smoot,WAS,29,rcb,15,6,0,0,0,0,6,,,,,,0.0,28,22,6,0,0,
476,460,Paul Soliai,MIA,26,nt,14,5,0,0,0,0,1,1,0,0,0,0,0.0,25,22,3,2,3,
477,461,Donald Strickland,NYJ,29,,9,2,0,0,0,0,2,1,0,0,0,0,2.0,26,22,4,2,3,
478,462,Morgan Trent,CIN,24,,16,0,0,0,0,0,4,,,,,,1.0,28,22,6,2,5,
479,463,Justin Tryon,WAS,25,,15,2,1,3,0,3,3,,,,,,1.0,27,22,5,1,1,
480,464,Matt Ware,ARI,27,,11,1,1,18,0,18,1,1,0,0,0,0,0.0,24,22,2,0,0,
481,465,Gabe Watson,ARI,26,,16,0,,,,,,,,,,,0.0,28,22,6,5,0,
482,466,Kevin Williams*+,MIN,29,RDT,16,16,0,0,0,0,7,1,0,1,0,0,6.0,30,22,8,11,14,
483,467,Jordon Dizon,DET,23,,16,0,,,,,,1,0,1,0,0,1.0,29,21,8,1,1,
484,468,Robert Geathers,CIN,26,LDE,15,15,0,0,0,0,3,1,0,2,113,1,3.5,36,21,15,4,9,
485,469,Kedric Golston,WAS,26,rdt,16,5,0,0,0,0,2,1,0,0,0,0,2.0,33,21,12,4,6,
486,470,Jarvis Green,NWE,30,RDE,13,12,,,,,,,,,,,1.0,36,21,15,3,4,
487,471,Jameel McClain,BAL,24,,16,1,,,,,,,,,,,0.0,30,21,9,0,0,
488,472,Fred Robbins ,NYG,32,RDT,16,12,0,0,0,0,5,0,0,1,11,0,2.0,25,21,4,5,7,
489,473,Tim Shaw,CHI,25,,15,0,,,,,,1,0,1,0,0,0.0,24,21,3,0,0,
490,474,Lofa Tatupu,SEA,27,mlb,5,5,0,0,0,0,2,,,,,,1.0,32,21,11,2,2,
491,475,Jason Allen,MIA,26,,16,1,0,0,0,0,2,,,,,,0.0,22,20,2,0,0,
492,476,Desmond Bishop,GNB,25,,16,0,,,,,,0,0,1,2,0,0.0,31,20,11,1,0,
493,477,Ahmad Brooks,SFO,25,,14,0,0,0,0,0,2,4,0,0,0,0,6.0,21,20,1,5,6,
494,478,Mike DeVito,NYJ,25,,15,1,,,,,,0,0,3,6,0,0.0,28,20,8,1,1,
495,479,Wallace Gilberry ,KAN,25,,16,0,,,,,,,,,,,4.5,22,20,2,3,8,
496,Rk,Player,Tm,Age,Pos,G,GS,Int,Yds,TD,Lng,PD,FF,Fmb,FR,Yds,TD,Sk,Comb,Solo,Ast,TFL,QBHits,Sfty
497,480,Jovan Haye,TEN,27,LDT,15,15,,,,,,,,,,,0.5,32,20,12,2,2,
498,481,Grady Jackson,DET,36,LDT,15,13,,,,,,,,,,,0.0,32,20,12,3,1,
499,482,Derrick Martin ,GNB,24,,14,1,,,,,,,,,,,0.0,25,20,5,0,0,
500,483,Tom Nelson,CIN,23,,12,3,1,2,0,2,2,,,,,,0.0,25,20,5,1,1,
501,484,Matt Roth,2TM,27,,10,6,0,0,0,0,1,0,0,1,7,0,4.0,32,20,12,4,7,
502,485,Kevin Vickerson,TEN,26,,13,2,0,0,0,0,3,,,,,,0.0,28,20,8,1,7,
503,486,John Wendling,BUF,26,,16,0,1,0,0,0,1,,,,,,0.0,27,20,7,0,0,
504,487,Will Allen,MIA,31,lcb,6,6,2,27,0,21,6,,,,,,0.0,21,19,2,0,0,
505,488,Brendon Ayanbadejo,BAL,33,,4,1,1,0,0,0,1,,,,,,1.0,22,19,3,1,1,
506,489,Josh Bullocks,CHI,26,,12,4,,,,,,,,,,,0.0,23,19,4,0,0,
507,490,Torrie Cox,TAM,29,,11,1,,,,,,,,,,,0.0,21,19,2,2,1,
508,491,Dwight Freeney*+,IND,29,RDE,14,9,0,0,0,0,1,1,0,0,0,0,13.5,24,19,5,13,22,
509,492,Tommie Harris ,CHI,26,LDT,15,15,1,6,0,6,1,0,0,1,0,0,2.5,24,19,5,10,7,
510,493,Adam Hayward,TAM,25,,15,1,,,,,,,,,,,0.0,23,19,4,0,1,
511,494,Rashad Johnson,ARI,23,,10,1,0,0,0,0,1,,,,,,0.0,20,19,1,0,0,
512,495,Leonard Little,STL,35,LDE,13,13,1,36,1,36,6,,,,,,6.5,23,19,4,10,16,
513,496,Ryan Mouton,TEN,23,,14,2,,,,,,0,4,2,0,0,0.0,23,19,4,1,0,
514,497,Jarrad Page,KAN,25,fs,5,5,0,0,0,0,2,1,0,0,0,0,0.0,19,19,0,1,0,
515,498,Ashlee Palmer,BUF,23,,14,2,0,0,0,0,1,,,,,,0.0,24,19,5,1,0,
516,499,Trevor Pryce,BAL,34,rde,16,7,,,,,,1,0,0,0,0,6.5,31,19,12,8,9,
517,500,B.J. Raji,GNB,23,,14,1,0,0,0,0,1,,,,,,1.0,25,19,6,5,1,
518,501,Pat Sims,CIN,24,ldt,16,8,,,,,,0,0,1,0,0,0.5,34,19,15,2,7,
519,502,Isaac Sopoaga,SFO,28,LDE,16,16,0,0,0,0,1,,,,,,1.0,29,19,10,1,3,
520,503,Osi Umenyiora,NYG,28,RDE,16,11,0,0,0,0,1,4,0,4,61,1,7.0,29,19,10,4,17,
521,504,Cameron Wake,MIA,27,,14,1,0,0,0,0,1,1,0,0,0,0,5.5,23,19,4,6,9,
522,505,Roy Williams,CIN,29,,4,4,0,0,0,0,2,,,,,,0.0,28,19,9,0,1,
523,506,Lorenzo Alexander,WAS,26,,16,0,0,0,0,0,1,1,0,1,0,0,2.0,23,18,5,2,3,
524,507,Remi Ayodele,NOR,26,LDT,15,13,,,,,,0,0,1,0,0,1.5,30,18,12,2,4,
525,508,Jonathan Fanene,CIN,27,RDE,16,10,1,45,1,45,2,,,,,,6.0,36,18,18,7,11,
526,509,Heath Farwell*,MIN,28,,16,0,,,,,,0,0,2,0,0,0.0,19,18,1,0,0,
527,Rk,Player,Tm,Age,Pos,G,GS,Int,Yds,TD,Lng,PD,FF,Fmb,FR,Yds,TD,Sk,Comb,Solo,Ast,TFL,QBHits,Sfty
528,510,Ryan McBean,DEN,25,LDE,14,14,,,,,,,,,,,0.0,25,18,7,2,2,
529,511,William Middleton,JAX,23,,12,0,,,,,,0,1,0,0,0,0.0,20,18,2,1,0,
530,512,DaJuan Morgan,KAN,24,,13,2,,,,,,0,0,2,0,0,0.0,18,18,0,0,0,
531,513,Antwan Odom,CIN,28,rde,6,6,0,0,0,0,2,,,,,,8.0,19,18,1,9,12,
532,514,Troy Polamalu,PIT,28,ss,5,5,3,17,0,16,7,,,,,,0.0,20,18,2,4,0,
533,515,Cory Redding,SEA,29,,15,3,,,,,,0,0,2,29,0,2.0,20,18,2,1,12,
534,516,Darrell Reid,DEN,27,,16,0,0,0,0,0,2,2,0,2,0,0,4.0,24,18,6,1,10,
535,517,Jay Richardson ,OAK,25,,16,0,,,,,,,,,,,3.0,23,18,5,3,4,
536,518,Montavious Stanley ,JAX,28,,15,0,0,0,0,0,3,,,,,,1.0,20,18,2,1,2,
537,519,Jamaal Anderson ,ATL,23,RDE,13,13,0,0,0,0,2,,,,,,0.5,27,17,10,3,6,
538,520,Luis Castillo,SDG,26,RDE,14,14,,,,,,,,,,,2.0,25,17,8,3,1,
539,521,Travis Daniels,KAN,27,,9,2,0,0,0,0,2,,,,,,0.0,21,17,4,0,1,
540,522,Larry Grant,STL,24,,16,0,,,,,,1,0,1,0,0,1.0,19,17,2,3,4,
541,523,Marcus Hudson,SFO,27,,12,0,,,,,,,,,,,0.0,21,17,4,0,0,
542,524,Charles Johnson ,CAR,23,,13,2,0,0,0,0,3,2,0,0,0,0,4.0,25,17,8,3,4,
543,525,Sherrod Martin ,CAR,25,fs,16,5,3,35,0,23,4,1,0,0,0,0,0.0,22,17,5,0,0,
544,526,Joe Mays,PHI,24,,11,1,,,,,,1,0,0,0,0,0.0,18,17,1,1,0,
545,527,Turk McBride,DET,24,,11,4,,,,,,1,0,0,0,0,1.5,27,17,10,2,6,
546,528,Kawika Mitchell ,BUF,30,RLB,5,5,,,,,,1,0,0,0,0,0.0,27,17,10,0,4,
547,529,Ryan Mundy,PIT,24,,16,0,0,0,0,0,1,0,0,1,0,0,0.0,25,17,8,0,0,
548,530,Kenny Onatolu,MIN,27,,16,0,,,,,,,,,,,0.0,20,17,3,0,0,
549,531,Bryan Robinson ,ARI,35,NT,16,15,0,0,0,0,3,0,0,1,0,0,1.0,28,17,11,2,1,
550,532,Darell Scott,STL,23,ldt,11,5,,,,,,0,0,1,0,0,0.0,18,17,1,5,5,
551,533,Marcus Spears,DAL,26,LDE,16,14,0,0,0,0,1,,,,,,2.5,25,17,8,4,6,
552,534,LaRod Stephens-Howling,ARI,22,,16,2,,,,,,0,1,1,0,0,0.0,21,17,4,0,0,
553,535,Quinton Teal,CAR,25,,16,3,,,,,,0,0,1,0,0,0.0,20,17,3,0,0,
554,536,Chris Wilson,WAS,27,,16,0,,,,,,,,,,,1.0,20,17,3,4,2,
555,537,C.J. Ah You,STL,27,,8,1,0,0,0,0,1,,,,,,1.0,17,16,1,1,2,
556,538,Will Allen,TAM,27,,8,2,0,0,0,0,1,,,,,,0.0,20,16,4,0,0,
557,539,Rocky Bernard,NYG,30,,15,0,,,,,,,,,,,1.0,22,16,6,3,2,
558,Rk,Player,Tm,Age,Pos,G,GS,Int,Yds,TD,Lng,PD,FF,Fmb,FR,Yds,TD,Sk,Comb,Solo,Ast,TFL,QBHits,Sfty
559,540,Ralph Brown,ARI,31,,16,1,1,85,0,80,3,,,,,,0.0,17,16,1,0,0,
560,541,Chris Chamberlain,STL,24,,16,0,,,,,,,,,,,0.0,20,16,4,0,0,
561,542,Chauncey Davis,ATL,26,,16,4,0,0,0,0,1,1,0,0,0,0,1.0,22,16,6,4,2,
562,543,Will Davis ,ARI,23,,11,0,,,,,,,,,,,2.0,19,16,3,2,2,
563,544,Ryan Denney,BUF,32,,16,0,,,,,,1,0,0,0,0,2.0,27,16,11,1,1,
564,545,Jacob Ford,TEN,26,,15,0,0,0,0,0,1,1,0,0,0,0,5.5,22,16,6,7,12,
565,546,Aaron Francisco ,IND,26,,10,2,,,,,,,,,,,0.0,16,16,0,1,0,
566,547,Howard Green,NYJ,30,,12,0,,,,,,,,,,,0.0,23,16,7,0,0,
567,548,Marcus Harrison,CHI,25,RDT,16,9,,,,,,,,,,,1.0,24,16,8,3,3,
568,549,Spencer Havner,GNB,26,,16,1,,,,,,,,,,,0.0,19,16,3,1,0,
569,550,Landon Johnson,CAR,28,,10,3,,,,,,,,,,,0.0,20,16,4,1,2,
570,551,Tank Johnson,CIN,28,RDT,14,13,0,0,0,0,1,,,,,,2.0,29,16,13,2,5,
571,552,Bryan Kehl,NYG,25,,14,1,,,,,,0,0,2,0,0,0.0,22,16,6,0,1,
572,553,Travis Kirschke,PIT,35,LDE,12,7,,,,,,,,,,,1.0,26,16,10,2,1,
573,554,Maurice Leggett,KAN,23,,10,1,0,0,0,0,5,0,1,2,0,0,0.0,17,16,1,0,0,
574,555,Brady Poppinga,GNB,30,,15,3,,,,,,,,,,,1.0,23,16,7,1,1,
575,556,Mike Tolbert,SDG,24,,16,3,,,,,,1,1,0,0,0,0.0,22,16,6,0,0,
576,557,Jonathan Wade,STL,25,,15,4,0,0,0,0,3,,,,,,0.0,20,16,4,0,1,
577,558,Sam Williams,OAK,29,,16,2,,,,,,0,1,0,0,0,0.0,19,16,3,2,0,
578,559,Husain Abdullah,MIN,24,,14,0,0,0,0,0,1,,,,,,1.0,17,15,2,1,1,
579,560,Jon Alston,OAK,26,,9,4,,,,,,,,,,,0.0,23,15,8,2,0,
580,561,Charlie Anderson ,MIA,28,,16,1,,,,,,2,0,0,0,0,2.0,17,15,2,7,7,
581,562,Fred Bennett,HOU,26,,10,3,0,0,0,0,1,0,0,1,0,0,0.0,18,15,3,0,0,
582,563,Everette Brown,CAR,22,,15,1,0,0,0,0,2,2,0,0,0,0,2.5,22,15,7,4,10,
583,564,Prescott Burgess,BAL,25,,13,0,,,,,,,,,,,0.0,17,15,2,0,0,
584,565,Jacques Cesaire,SDG,29,LDE,13,13,,,,,,1,0,1,0,0,1.0,26,15,11,1,1,
585,566,Drew Coleman,NYJ,26,,15,1,0,0,0,0,4,,,,,,0.0,22,15,7,0,1,
586,567,Jon Corto,BUF,25,,16,1,,,,,,,,,,,0.0,22,15,7,0,0,
587,568,Nick Eason,PIT,29,lde,8,5,,,,,,,,,,,0.0,16,15,1,2,1,
588,569,Jason Ferguson ,MIA,35,NT,9,9,0,0,0,0,1,,,,,,0.0,23,15,8,4,0,
589,Rk,Player,Tm,Age,Pos,G,GS,Int,Yds,TD,Lng,PD,FF,Fmb,FR,Yds,TD,Sk,Comb,Solo,Ast,TFL,QBHits,Sfty
590,570,Jonathan Goff,NYG,24,,16,4,1,5,0,5,2,,,,,,1.0,25,15,10,1,2,
591,571,Tyjuan Hagler,IND,28,LLB,7,7,0,0,0,0,3,,,,,,0.0,27,15,12,1,0,
592,572,Nick Hayden,CAR,23,,10,2,,,,,,,,,,,1.0,17,15,2,3,1,
593,573,Thomas Johnson,ATL,28,RDT,13,10,,,,,,1,0,0,0,0,2.0,20,15,5,6,4,
594,574,Jimmy Kennedy ,MIN,30,,13,1,0,0,0,0,2,,,,,,3.0,18,15,3,6,5,
595,575,Lance Laury,SEA,27,,16,0,,,,,,1,0,0,0,0,0.0,21,15,6,0,0,
596,576,Scott McKillop,SFO,23,,16,0,,,,,,0,0,1,0,1,0.0,19,15,4,0,0,
597,577,Dimitri Patterson,PHI,26,,11,0,0,0,0,0,1,1,0,0,0,0,0.0,17,15,2,1,0,
598,578,Kalvin Pearson,DET,31,,12,0,,,,,,0,1,0,0,0,0.0,20,15,5,1,0,
599,579,DeMario Pressley,NOR,24,,7,0,,,,,,,,,,,0.0,15,15,0,3,0,
600,580,Brian Williams,ATL,30,rcb,5,5,1,-2,0,-2,3,0,1,1,53,0,0.0,18,15,3,0,0,
601,581,Cary Williams,2TM,25,,9,1,0,0,0,0,1,2,0,0,0,0,0.0,20,15,5,0,0,
602,582,Coy Wire,ATL,31,,16,1,0,0,0,0,1,1,0,2,0,0,0.0,17,15,2,0,3,
603,583,Wallace Wright,NYJ,25,,16,0,,,,,,,,,,,0.0,23,15,8,0,0,
604,584,Kyle Arrington,2TM,23,,9,0,,,,,,,,,,,0.0,18,14,4,0,0,
605,585,Robert Ayers,DEN,24,,15,1,0,0,0,0,2,0,0,2,54,1,0.0,19,14,5,2,5,
606,586,Alan Branch,ARI,25,,16,0,0,0,0,0,2,,,,,,2.0,18,14,4,3,3,
607,587,Marcus Buggs,BUF,24,,5,2,,,,,,,,,,,0.0,21,14,7,1,0,
608,588,Landon Cohen ,DET,23,,14,4,,,,,,1,0,0,0,0,0.0,21,14,7,4,2,
609,589,Terrance Copper,KAN,27,,15,2,,,,,,,,,,,0.0,16,14,2,0,0,
610,590,Mike Furrey,CLE,32,,16,4,0,0,0,0,2,,,,,,0.0,14,14,0,0,0,
611,591,Kyries Hebert,CIN,29,,15,0,,,,,,,,,,,0.0,20,14,6,1,0,
612,592,Sammie Lee Hill,DET,23,RDT,13,12,,,,,,0,0,2,0,0,0.0,26,14,12,,,
613,593,Roderick Hood,TEN,28,,6,4,3,91,1,43,4,,,,,,0.0,16,14,2,1,0,
614,594,Kevin Kaesviharn,TEN,33,,13,0,0,0,0,0,1,,,,,,0.0,16,14,2,1,1,
615,595,Brice McCain,HOU,23,,16,1,1,0,0,0,3,,,,,,0.0,15,14,1,0,0,
616,596,Sean Morey,ARI,33,,13,0,,,,,,,,,,,0.0,16,14,2,0,0,
617,597,Rob Ninkovich,NWE,25,,15,0,0,0,0,0,2,,,,,,1.0,24,14,10,3,2,
618,598,Chris Reis,NOR,26,,15,1,1,33,0,33,1,0,0,1,0,0,0.0,17,14,3,0,1,
619,599,David Roach,STL,24,,15,0,,,,,,0,1,0,0,0,0.0,15,14,1,2,1,
620,Rk,Player,Tm,Age,Pos,G,GS,Int,Yds,TD,Lng,PD,FF,Fmb,FR,Yds,TD,Sk,Comb,Solo,Ast,TFL,QBHits,Sfty
621,600,Ian Scott,SDG,28,NT,12,7,0,0,0,0,2,,,,,,1.0,16,14,2,4,1,
622,601,Clint Sintim,NYG,23,,11,0,,,,,,,,,,,1.0,20,14,6,2,2,
623,602,Dave Tollefson,NYG,27,,15,0,,,,,,,,,,,1.0,17,14,3,2,4,
624,603,Raymond Ventrone,CLE,27,,14,0,,,,,,,,,,,0.0,15,14,1,0,2,
625,604,Jack Williams,2TM,24,,8,0,0,0,0,0,3,0,0,1,8,0,0.0,14,14,0,0,0,
626,605,Victor Abiamiri,PHI,23,lde,13,5,,,,,,1,0,2,2,1,2.0,16,13,3,0,6,
627,606,Patrick Bailey,PIT,24,,16,0,,,,,,,,,,,0.0,13,13,0,0,0,
628,607,Antwan Barnes,BAL,25,,11,0,1,4,0,4,2,1,0,0,0,0,3.0,13,13,0,3,4,
629,608,Connor Barwin,HOU,23,,16,0,0,0,0,0,3,0,0,1,0,0,4.5,18,13,5,5,8,
630,609,Victor Butler,DAL,22,,16,1,,,,,,1,0,1,0,0,3.0,17,13,4,2,2,
631,610,Jo-Lonn Dunbar,NOR,24,,9,3,,,,,,,,,,,0.0,20,13,7,0,0,
632,611,Isaiah Ekejiuba,OAK,28,,16,0,,,,,,,,,,,0.0,16,13,3,0,0,
633,612,Israel Idonije,CHI,29,,15,0,,,,,,1,0,0,0,0,2.5,18,13,5,2,5,
634,613,Rashad Jeanty,CIN,26,,15,1,,,,,,,,,,,0.0,20,13,7,1,2,
635,614,Travis Johnson,SDG,27,,13,0,0,0,0,0,1,,,,,,0.0,16,13,3,3,0,
636,615,C.J. Mosley,CLE,26,,12,1,,,,,,,,,,,0.0,18,13,5,0,0,
637,616,Kassim Osgood*,SDG,29,,16,0,,,,,,,,,,,0.0,15,13,2,0,0,
638,617,LaJuan Ramsey,STL,25,ldt,15,5,,,,,,1,0,0,0,0,1.0,16,13,3,7,3,
639,618,Courtney Roby,NOR,26,,15,0,,,,,,0,2,0,0,0,0.0,13,13,0,0,0,
640,619,Nick Sorensen,CLE,31,,16,0,0,0,0,0,1,,,,,,0.0,16,13,3,0,0,
641,620,Gaines Adams,2TM,26,,15,5,0,0,0,0,3,2,0,1,0,0,1.0,17,12,5,3,4,
642,621,Stephen Bowen,DAL,25,,16,2,0,0,0,0,2,1,0,0,0,0,3.0,18,12,6,4,5,
643,622,David Bruton,DEN,22,,14,1,0,0,0,0,1,1,0,0,0,0,0.0,14,12,2,0,1,
644,623,Eldra Buckley,PHI,24,,16,0,,,,,,1,0,0,0,0,0.0,13,12,1,0,0,
645,624,Tim Bulman,HOU,27,,15,1,0,0,0,0,1,,,,,,0.0,18,12,6,1,3,
646,625,Joe Burnett,PIT,23,,15,0,,,,,,,,,,,0.0,17,12,5,0,0,
647,626,Shaun Cody,HOU,26,LDT,14,13,0,0,0,0,1,,,,,,0.5,21,12,9,1,2,
648,627,Antonio Dixon,PHI,24,,16,0,,,,,,,,,,,1.0,16,12,4,2,1,
649,628,Eric Frampton,MIN,25,,16,0,,,,,,2,0,0,0,0,0.0,18,12,6,0,0,
650,629,Vernon Gholston,NYJ,23,,14,3,,,,,,,,,,,0.0,17,12,5,2,0,
651,Rk,Player,Tm,Age,Pos,G,GS,Int,Yds,TD,Lng,PD,FF,Fmb,FR,Yds,TD,Sk,Comb,Solo,Ast,TFL,QBHits,Sfty
652,630,Clinton Hart ,2TM,32,,7,3,,,,,,,,,,,0.0,17,12,5,0,0,
653,631,Lex Hilliard,MIA,25,,16,0,,,,,,,,,,,0.0,14,12,2,0,0,
654,632,Abdul Hodge,CIN,27,,16,0,,,,,,1,0,0,0,0,0.0,16,12,4,0,0,
655,633,James Ihedigbo,NYJ,26,,15,0,,,,,,1,0,0,0,0,2.0,19,12,7,1,4,
656,634,Matt McCoy,TAM,27,,12,2,,,,,,,,,,,0.0,14,12,2,1,0,
657,635,Tony McDaniel,MIA,24,,16,0,0,0,0,0,1,,,,,,1.5,15,12,3,2,2,
658,636,Ogemdi Nwagbuo,SDG,24,nt,12,5,0,0,0,0,2,,,,,,1.0,19,12,7,3,1,
659,637,Domata Peko,CIN,25,LDT,11,11,0,0,0,0,1,,,,,,0.0,23,12,11,1,3,
660,638,Myron Pryor,NWE,23,,13,0,0,0,0,0,1,1,0,0,0,0,0.0,20,12,8,3,2,
661,639,Mike Richardson ,KAN,25,,11,1,,,,,,,,,,,0.0,14,12,2,0,0,
662,640,Frank Walker,BAL,29,,14,1,1,0,0,0,4,0,0,1,0,0,0.0,16,12,4,0,0,
663,641,Matt Wilhelm,SFO,28,,11,1,,,,,,,,,,,0.0,18,12,6,1,0,
664,642,Jason Babin,PHI,29,,12,0,,,,,,0,1,0,0,0,2.5,16,11,5,4,8,
665,643,Jonathan Casillas,NOR,22,,11,2,,,,,,,,,,,0.0,20,11,9,1,2,
666,644,Chris Clemons,MIA,24,,11,2,,,,,,,,,,,0.0,14,11,3,0,0,
667,645,Quintin Demps,PHI,24,,9,0,1,12,0,12,3,,,,,,0.0,14,11,3,0,0,
668,646,Leger Douzable,STL,23,,12,1,,,,,,,,,,,0.0,11,11,0,5,5,
669,647,Sam Hurd,DAL,24,,16,1,,,,,,,,,,,0.0,16,11,5,0,0,
670,648,Kris Jenkins,NYJ,30,nt,6,6,,,,,,,,,,,0.0,13,11,2,4,2,
671,649,Michael Johnson,CIN,22,,16,0,0,0,0,0,5,,,,,,3.0,17,11,6,4,6,
672,650,Niko Koutouvides,TAM,28,,16,0,,,,,,,,,,,0.0,11,11,0,0,0,
673,651,Aaron Maybin,BUF,21,,16,0,,,,,,1,0,0,0,0,0.0,18,11,7,2,0,
674,652,Mike Mitchell ,OAK,22,,16,0,,,,,,0,0,2,0,0,1.5,16,11,5,1,4,
675,653,Montell Owens,JAX,25,,16,0,,,,,,0,0,1,0,0,0.0,14,11,3,0,0,
676,654,Brian Russell,2TM,31,,12,1,,,,,,,,,,,0.0,16,11,5,0,0,
677,655,Jordan Senn,2TM,25,,8,0,,,,,,,,,,,0.0,16,11,5,0,0,
678,656,Brad Smith,NYJ,26,,13,2,,,,,,,,,,,0.0,15,11,4,0,0,
679,657,Craig Stevens,TEN,25,,12,2,,,,,,,,,,,0.0,12,11,1,1,1,
680,658,Dante Wesley,CAR,30,,15,0,0,0,0,0,3,0,0,2,0,0,1.0,12,11,1,1,2,
681,659,Byron Westbrook ,WAS,24,,15,1,0,0,0,0,1,0,1,0,0,0,0.0,12,11,1,0,0,
682,Rk,Player,Tm,Age,Pos,G,GS,Int,Yds,TD,Lng,PD,FF,Fmb,FR,Yds,TD,Sk,Comb,Solo,Ast,TFL,QBHits,Sfty
683,660,Kevin Bentley,HOU,30,,16,0,,,,,,,,,,,0.0,21,10,11,0,0,
684,661,Andre' Davis,HOU,30,,14,1,,,,,,0,0,2,0,0,0.0,12,10,2,0,0,
685,662,Keyunta Dawson,IND,24,,12,2,0,0,0,0,1,0,0,1,17,0,0.0,17,10,7,1,0,
686,663,Gary Gibson ,STL,27,LDT,5,5,0,0,0,0,1,,,,,,0.0,11,10,1,1,1,
687,664,Edward Johnson ,IND,26,,4,4,,,,,,,,,,,0.0,11,10,1,1,0,
688,665,Spencer Larsen,DEN,25,,9,1,,,,,,,,,,,0.0,10,10,0,0,0,
689,666,Corey McIntyre,BUF,30,,15,4,,,,,,,,,,,0.0,10,10,0,0,0,
690,667,Ben Obomanu,SEA,26,,14,0,,,,,,0,1,1,0,0,0.0,12,10,2,0,0,
691,668,Nick Reed,SEA,22,,16,0,0,0,0,0,2,0,0,3,81,1,1.0,17,10,7,1,3,
692,669,Michael Robinson,SFO,26,,15,0,,,,,,,,,,,0.0,12,10,2,0,0,
693,670,Brian Schaefering,CLE,26,,5,1,,,,,,,,,,,1.5,12,10,2,1,2,
694,671,DeAngelo Smith,DET,23,,7,1,0,0,0,0,1,,,,,,0.0,16,10,6,0,0,
695,672,Tony Stewart,OAK,30,,15,4,,,,,,0,0,1,0,0,0.0,11,10,1,0,0,
696,673,Greg Toler,ARI,24,,13,0,1,0,0,0,2,0,1,0,0,0,0.0,11,10,1,0,0,
697,674,Nathan Vasher,CHI,28,,15,2,1,1,0,1,1,,,,,,0.0,15,10,5,0,0,
698,675,Delanie Walker,SFO,25,FB,16,8,,,,,,0,2,1,0,0,0.0,13,10,3,0,0,
699,676,Eric Weems,ATL,24,,16,0,,,,,,0,3,0,0,0,0.0,10,10,0,0,0,
700,677,Ashton Youboty,BUF,25,,11,1,0,0,0,0,4,,,,,,0.0,12,10,2,0,0,
701,678,Xavier Adibi,HOU,25,,16,0,,,,,,1,0,0,0,0,0.0,11,9,2,0,1,
702,679,Dave Ball,TEN,28,,11,1,0,0,0,0,1,,,,,,0.0,19,9,10,1,6,
703,680,Josh Barrett,DEN,25,,14,0,,,,,,,,,,,0.0,10,9,1,0,0,
704,681,Arnaz Battle,SFO,29,,15,0,,,,,,1,6,2,0,0,0.0,9,9,0,0,0,
705,682,Marcus Benard,CLE,24,,6,0,,,,,,,,,,,3.5,14,9,5,3,8,
706,683,Bertrand Berry ,ARI,34,,15,5,,,,,,0,0,2,7,0,6.0,10,9,1,7,6,
707,684,Blake Costanzo,CLE,25,,16,0,,,,,,2,0,3,0,0,0.0,14,9,5,0,1,
708,685,Kenneth Darby,STL,27,,16,1,,,,,,,,,,,0.0,9,9,0,1,0,
709,686,Andre Fluellen,DET,24,,14,3,,,,,,,,,,,1.5,18,9,9,3,4,
710,687,Michael Hamlin,DAL,24,,6,0,,,,,,,,,,,0.0,9,9,0,0,0,
711,688,Marques Harris,2TM,28,,8,0,,,,,,2,0,0,0,0,2.0,15,9,6,2,3,
712,689,Jason Hatcher,DAL,27,,16,0,0,0,0,0,1,0,0,1,0,0,1.0,13,9,4,1,5,
713,Rk,Player,Tm,Age,Pos,G,GS,Int,Yds,TD,Lng,PD,FF,Fmb,FR,Yds,TD,Sk,Comb,Solo,Ast,TFL,QBHits,Sfty
714,690,Ali Highsmith,ARI,24,,14,2,,,,,,,,,,,0.0,13,9,4,2,0,
715,691,Edgar Jones,BAL,25,,16,0,,,,,,,,,,,0.0,10,9,1,0,0,
716,692,Jason Jones,TEN,23,,7,0,0,0,0,0,5,,,,,,4.0,15,9,6,5,7,
717,693,Derek Landri,JAX,26,,7,0,,,,,,,,,,,1.0,13,9,4,1,1,
718,694,Ty Law,DEN,35,,7,2,1,37,0,37,1,,,,,,0.0,10,9,1,0,1,
719,695,Anthony Madison,3TM,28,,12,0,,,,,,,,,,,0.0,12,9,3,0,0,
720,696,Kyle Moore,TAM,23,,8,0,0,0,0,0,1,,,,,,0.0,11,9,2,0,0,
721,697,Donnie Nickey,TEN,29,,16,1,,,,,,,,,,,0.0,12,9,3,0,0,
722,698,Kenny Phillips,NYG,23,,2,2,2,22,0,22,2,,,,,,0.0,13,9,4,0,0,
723,699,Keiwan Ratliff,PIT,28,,8,0,,,,,,,,,,,0.0,9,9,0,0,0,
724,700,Junior Seau,NWE,40,,7,0,,,,,,0,0,1,0,0,0.0,14,9,5,0,1,
725,701,Junior Siavii,DAL,31,,16,0,,,,,,,,,,,0.0,11,9,2,0,0,
726,702,Alphonso Smith,DEN,24,,15,0,0,0,0,0,3,,,,,,0.0,14,9,5,1,0,
727,703,Le Kevin Smith,DEN,27,,13,2,0,0,0,0,1,,,,,,1.0,10,9,1,,,
728,704,Marcus Thomas,DEN,24,,16,0,,,,,,,,,,,0.0,15,9,6,1,1,
729,705,Leigh Torrence,NOR,27,,5,0,,,,,,,,,,,0.5,10,9,1,0,1,
730,706,Jason Wright,ARI,27,,16,0,,,,,,,,,,,0.0,11,9,2,0,0,
731,707,Hamza Abdullah,ARI,26,,1,0,,,,,,,,,,,0.0,9,8,1,0,0,
732,708,Eric Alexander,NWE,27,,14,0,,,,,,1,0,0,0,0,0.0,12,8,4,0,0,
733,709,Colin Allred,TEN,26,,12,2,,,,,,,,,,,0.0,19,8,11,0,2,
734,710,Gary Barnidge,CAR,24,,16,3,,,,,,0,1,0,0,0,0.0,11,8,3,0,0,
735,711,Monty Beisel,2TM,31,,9,0,,,,,,,,,,,0.0,8,8,0,0,0,
736,712,Chris Canty,NYG,27,,8,4,,,,,,,,,,,0.5,13,8,5,1,1,
737,713,Jeff Charleston,NOR,26,,16,0,,,,,,,,,,,0.0,10,8,2,0,0,
738,714,Chris Clemons,PHI,28,,16,0,0,0,0,0,1,,,,,,3.0,11,8,3,3,7,
739,715,Josh Cribbs*+,CLE,26,WR,16,12,,,,,,0,6,2,0,0,0.0,9,8,1,0,0,
740,716,Nick Ferguson ,HOU,35,,10,1,0,0,0,0,1,,,,,,0.0,10,8,2,0,0,
741,717,Derek Hagan,NYG,25,,16,0,,,,,,0,0,1,0,0,0.0,11,8,3,0,0,
742,718,Alex Hall,CLE,24,,14,0,,,,,,0,0,1,0,0,0.0,10,8,2,0,1,
743,719,Korey Hall,GNB,26,fb,11,5,,,,,,,,,,,0.0,10,8,2,0,0,
744,Rk,Player,Tm,Age,Pos,G,GS,Int,Yds,TD,Lng,PD,FF,Fmb,FR,Yds,TD,Sk,Comb,Solo,Ast,TFL,QBHits,Sfty
745,720,Ellis Hobbs,PHI,26,,8,0,,,,,,0,1,0,0,0,0.0,11,8,3,0,0,
746,721,James Holt,SDG,23,,9,0,,,,,,,,,,,0.0,10,8,2,1,0,
747,722,Trey Lewis,ATL,24,,8,1,,,,,,,,,,,0.0,10,8,2,1,2,
748,723,Darrell McClover,CHI,28,,13,0,,,,,,,,,,,0.0,10,8,2,0,0,
749,724,Bobby McCray,NOR,28,,16,0,0,0,0,0,1,,,,,,1.5,12,8,4,3,9,
750,725,Leodis McKelvin,BUF,24,,3,3,0,0,0,0,1,0,2,0,0,0,0.0,11,8,3,0,0,
751,726,Mike McKenzie,NOR,33,,5,2,1,8,0,8,4,,,,,,0.0,11,8,3,0,0,
752,727,Marques Murrell,NYJ,24,,10,0,,,,,,1,0,0,0,0,0.0,12,8,4,0,0,
753,728,Adrian Peterson,CHI,30,,14,0,,,,,,,,,,,0.0,9,8,1,0,0,
754,729,Brian Robison,MIN,26,,16,0,,,,,,1,1,0,0,0,4.5,10,8,2,6,10,
755,730,Aaron Ross,NYG,27,,4,1,,,,,,,,,,,0.0,10,8,2,0,0,
756,731,C.J. Spillman,SDG,23,,5,1,,,,,,,,,,,0.0,13,8,5,0,0,
757,732,Craig Steltz,CHI,23,,12,2,0,0,0,0,1,0,0,1,0,0,0.0,11,8,3,1,0,
758,733,Craig Terrill,SEA,29,,13,1,0,0,0,0,1,,,,,,1.0,11,8,3,1,2,
759,734,Brandon Underwood,GNB,23,,11,0,,,,,,,,,,,0.0,11,8,3,2,0,
760,735,Vance Walker,ATL,22,,10,1,0,0,0,0,2,,,,,,0.0,13,8,5,2,0,
761,736,Jamaal Westerman ,NYJ,24,,14,0,,,,,,0,0,2,39,0,1.0,10,8,2,2,2,
762,737,Gerris Wilkinson ,NYG,26,,9,0,,,,,,,,,,,0.0,9,8,1,0,0,
763,738,Ervin Baldwin,IND,23,,3,0,,,,,,,,,,,0.0,13,7,6,0,1,
764,739,Alfonso Boone ,SDG,33,,13,4,0,0,0,0,2,1,0,0,0,0,3.0,15,7,8,2,2,
765,740,Glen Coffee,SFO,22,,14,2,,,,,,,,,,,0.0,10,7,3,0,0,
766,741,Jon Condo*,OAK,28,,16,0,,,,,,,,,,,0.0,10,7,3,0,0,
767,742,Rashied Davis ,CHI,30,,16,0,,,,,,,,,,,0.0,9,7,2,0,0,
768,743,Andre Frazier,PIT,27,,14,0,,,,,,,,,,,0.0,13,7,6,0,0,
769,744,Cody Glenn,IND,23,,9,0,,,,,,,,,,,0.0,9,7,2,0,0,
770,745,Arnold Harrison,2TM,27,,12,0,,,,,,,,,,,0.0,12,7,5,0,0,
771,746,Jacob Hester,SDG,24,FB,15,10,,,,,,1,1,1,41,1,0.0,7,7,0,0,0,
772,747,Tye Hill,ATL,27,,8,3,1,62,1,62,1,,,,,,0.0,7,7,0,0,1,
773,748,Marlin Jackson,IND,26,,4,0,1,3,0,3,1,,,,,,0.0,10,7,3,1,1,
774,749,Jeremy Jarmon,WAS,22,,11,1,0,0,0,0,1,1,0,0,0,0,0.0,9,7,2,0,0,
775,Rk,Player,Tm,Age,Pos,G,GS,Int,Yds,TD,Lng,PD,FF,Fmb,FR,Yds,TD,Sk,Comb,Solo,Ast,TFL,QBHits,Sfty
776,750,David Jones,CIN,24,,12,0,0,0,0,0,1,,,,,,0.0,11,7,4,0,0,
777,751,John Kuhn,GNB,27,fb,14,6,,,,,,0,0,1,0,0,0.0,8,7,1,0,0,
778,752,Matt Lawrence,BAL,24,,8,0,,,,,,,,,,,0.0,8,7,1,0,0,
779,753,Brian Leonard,CIN,25,,14,1,,,,,,0,1,1,0,0,0.0,8,7,1,0,0,
780,754,D.D. Lewis,SEA,30,,12,0,,,,,,1,0,0,0,0,0.0,9,7,2,0,0,
781,755,Sen'Derrick Marks,TEN,22,,9,0,0,0,0,0,1,,,,,,1.0,12,7,5,1,2,
782,756,John McCargo,BUF,26,,11,1,,,,,,,,,,,0.0,11,7,4,0,2,
783,757,Ray McDonald,SFO,25,,16,0,,,,,,0,0,2,11,1,3.0,9,7,2,4,5,
784,758,Neil Rackers,ARI,33,,14,0,,,,,,,,,,,0.0,7,7,0,0,0,
785,759,Frostee Rucker,CIN,26,,12,1,1,26,0,26,2,,,,,,1.0,13,7,6,2,4,
786,760,Jacob Tamme,IND,24,,16,1,,,,,,,,,,,0.0,9,7,2,0,0,
787,761,Erik Walden,MIA,24,,11,0,,,,,,,,,,,0.0,8,7,1,0,0,
788,762,C.J. Wilson,CAR,24,,7,0,0,0,0,0,3,,,,,,0.0,7,7,0,0,0,
789,763,Garrett Wolfe,CHI,25,,8,0,,,,,,,,,,,0.0,9,7,2,0,0,
790,764,Victor Adeyanju,STL,26,,10,1,,,,,,0,0,1,0,0,0.0,7,6,1,0,3,
791,765,Sam Aiken,NWE,29,wr,14,7,,,,,,1,0,0,0,0,0.0,9,6,3,0,0,
792,766,K.C. Asiodu,STL,23,,10,0,,,,,,,,,,,0.0,8,6,2,0,0,
793,767,Ron Brace ,NWE,23,,9,2,,,,,,,,,,,0.0,8,6,2,0,0,
794,768,Red Bryant,SEA,25,,6,1,,,,,,,,,,,0.0,8,6,2,3,0,
795,769,Joe Cohen ,DET,25,,7,0,,,,,,,,,,,1.0,9,6,3,1,1,
796,770,John Denney,MIA,31,,16,0,,,,,,,,,,,0.0,7,6,1,0,0,
797,771,Fred Evans,MIN,26,,13,0,,,,,,,,,,,0.0,9,6,3,0,0,
798,772,Zack Follett,DET,22,,12,0,,,,,,0,0,1,0,0,0.0,10,6,4,0,0,
799,773,Domenik Hixon,NYG,25,,14,2,,,,,,0,3,0,0,0,0.0,7,6,1,0,0,
800,774,Jonathan Holland ,OAK,24,,14,0,,,,,,0,0,1,0,0,0.0,6,6,0,0,0,
801,775,Eric King,DET,27,,4,1,0,0,0,0,1,,,,,,0.0,7,6,1,0,1,
802,776,Trevor Laws,PHI,24,,11,0,,,,,,,,,,,0.0,10,6,4,3,0,
803,777,Louis Leonard,CAR,25,,2,1,,,,,,,,,,,1.0,6,6,0,1,1,
804,778,Stefan Logan,PIT,28,,16,1,,,,,,0,3,0,0,0,0.0,11,6,5,0,0,
805,779,Alex Magee,KAN,22,,15,1,,,,,,,,,,,2.0,8,6,2,1,4,
806,Rk,Player,Tm,Age,Pos,G,GS,Int,Yds,TD,Lng,PD,FF,Fmb,FR,Yds,TD,Sk,Comb,Solo,Ast,TFL,QBHits,Sfty
807,780,Glenn Martinez ,HOU,28,,7,0,,,,,,,,,,,0.0,9,6,3,0,0,
808,781,Ryan Moats,HOU,27,,14,2,,,,,,0,3,0,0,0,0.0,6,6,0,0,0,
809,782,Jalen Parmele,BAL,24,,7,0,,,,,,,,,,,0.0,6,6,0,0,0,
810,783,Jermaine Phillips,TAM,30,,2,2,,,,,,,,,,,0.0,11,6,5,0,1,
811,784,T.J. Rushing,IND,26,,15,0,,,,,,,,,,,0.0,6,6,0,0,0,
812,785,Mike Sellers,WAS,34,fb,15,7,,,,,,0,1,1,0,0,0.0,9,6,3,0,0,
813,786,Dan Skuta,CIN,23,,8,0,,,,,,,,,,,0.0,8,6,2,0,0,
814,787,Aaron Smith,PIT,33,lde,5,5,,,,,,,,,,,2.0,9,6,3,4,2,
815,788,Maurice Stovall,TAM,24,wr,15,7,,,,,,,,,,,0.0,6,6,0,0,0,
816,789,Pago Togafau,ARI,25,,2,0,,,,,,,,,,,0.0,6,6,0,0,0,
817,790,Reggie Walker,ARI,23,,7,0,,,,,,0,0,1,0,0,0.0,6,6,0,1,0,
818,791,Dewayne White,DET,30,rde,10,5,1,0,0,0,3,0,0,1,5,0,0.0,8,6,2,2,2,
819,792,Julius Williams,JAX,23,,11,1,,,,,,,,,,,0.0,8,6,2,0,0,
820,793,Usama Young,NOR,24,,12,1,1,24,0,24,1,0,0,1,0,0,0.0,8,6,2,0,0,
821,794,Kentwan Balmer,SFO,23,,11,0,,,,,,,,,,,0.0,12,5,7,1,1,
822,795,Josh Bell,GNB,24,,4,0,,,,,,,,,,,0.0,5,5,0,0,0,
823,796,David Binn,SDG,37,,16,0,,,,,,,,,,,0.0,6,5,1,0,0,
824,797,James Casey,HOU,25,,15,0,,,,,,,,,,,0.0,6,5,1,1,0,
825,798,Jamaal Charles,KAN,23,RB,15,10,,,,,,0,4,3,0,0,0.0,5,5,0,0,0,
826,799,Brian Clark,TAM,26,,14,0,,,,,,,,,,,0.0,6,5,1,0,0,
827,800,Marquice Cole,NYJ,26,,11,0,,,,,,,,,,,0.0,7,5,2,0,1,
828,801,Zak DeOssie,NYG,25,,16,0,,,,,,,,,,,0.0,7,5,2,0,0,
829,802,Demetric Evans,SFO,30,,14,0,0,0,0,0,1,,,,,,1.5,12,5,7,2,3,
830,803,Casey Fitzsimmons ,DET,29,,12,1,,,,,,0,1,0,0,0,0.0,6,5,1,0,0,
831,804,Danny Gorrer,STL,23,,3,1,0,0,0,0,1,,,,,,0.0,5,5,0,0,0,
832,805,Stephen Gostkowski,NWE,25,,16,0,,,,,,0,0,1,0,0,0.0,5,5,0,0,0,
833,806,Orien Harris,CIN,26,,4,0,,,,,,,,,,,0.0,7,5,2,0,0,
834,807,Brian Hartline ,MIA,23,,16,2,,,,,,,,,,,0.0,6,5,1,0,0,
835,808,David Herron,KAN,25,,10,0,,,,,,,,,,,0.0,6,5,1,0,0,
836,809,Peyton Hillis,DEN,23,,14,2,,,,,,0,1,1,0,0,0.0,7,5,2,0,0,
837,Rk,Player,Tm,Age,Pos,G,GS,Int,Yds,TD,Lng,PD,FF,Fmb,FR,Yds,TD,Sk,Comb,Solo,Ast,TFL,QBHits,Sfty
838,810,Evander Hood,PIT,22,,16,0,0,0,0,0,2,0,0,1,-1,0,1.0,8,5,3,4,5,
839,811,Kenny Iwebema,ARI,24,,11,0,,,,,,,,,,,2.0,9,5,4,2,2,
840,812,Justin Jenkins,BUF,29,,12,0,,,,,,,,,,,0.0,6,5,1,0,0,
841,813,William Joseph,OAK,30,,6,0,,,,,,,,,,,0.0,8,5,3,1,0,
842,814,Stanford Keglar,TEN,24,,12,0,,,,,,,,,,,0.0,6,5,1,0,0,
843,815,Ellis Lankster,BUF,22,,10,0,0,0,0,0,1,,,,,,0.0,5,5,0,0,0,
844,816,Bret Lockett,NWE,23,,10,0,,,,,,1,0,0,0,0,0.0,7,5,2,0,0,
845,817,Charly Martin ,CAR,25,,7,0,,,,,,,,,,,0.0,6,5,1,0,0,
846,818,Fili Moala,IND,24,,10,1,,,,,,,,,,,0.0,7,5,2,0,0,
847,819,Quentin Moses ,MIA,26,,10,0,,,,,,,,,,,1.0,6,5,1,1,1,
848,820,Don Muhlbach,DET,28,,15,0,,,,,,1,0,0,0,0,0.0,6,5,1,1,1,
849,821,Jeremy Navarre,JAX,22,,6,0,,,,,,,,,,,0.0,5,5,0,3,0,
850,822,Gary Russell,OAK,23,,12,4,,,,,,1,1,1,0,0,0.0,7,5,2,0,0,
851,823,Owen Schmitt,SEA,24,,15,1,,,,,,,,,,,0.0,6,5,1,0,0,
852,824,Lawrence Sidbury,ATL,23,,16,0,,,,,,0,0,1,11,1,1.0,5,5,0,1,2,
853,825,Matthew Slater,NWE,24,,14,0,,,,,,,,,,,0.0,6,5,1,0,0,
854,826,Keith Smith,SFO,29,,3,0,,,,,,,,,,,0.0,5,5,0,0,0,
855,827,David Tyree,BAL,29,,10,0,,,,,,0,0,1,0,0,0.0,6,5,1,0,0,
856,828,Donald Washington,KAN,23,,8,0,,,,,,,,,,,0.0,5,5,0,0,0,
857,829,Todd Watkins,OAK,26,,13,1,,,,,,,,,,,0.0,5,5,0,0,0,
858,830,Eric Bakhtiari,TEN,25,,3,0,,,,,,,,,,,0.0,4,4,0,0,0,
859,831,Darnell Bing,DET,25,,4,0,,,,,,0,0,1,0,0,0.0,4,4,0,0,0,
860,832,Copeland Bryan,DET,26,,5,1,,,,,,,,,,,1.0,5,4,1,1,1,
861,833,Deon Butler,SEA,23,,16,0,,,,,,,,,,,0.0,4,4,0,0,0,
862,834,Rock Cartwright,WAS,30,,16,2,,,,,,,,,,,0.0,9,4,5,0,0,
863,835,Tim Castille,KAN,25,,7,0,,,,,,0,1,0,0,0,0.0,4,4,0,0,0,
864,836,Vinny Ciurciu,DET,29,,9,0,,,,,,,,,,,0.0,5,4,1,0,0,
865,837,Ricardo Colclough,KAN,26,,1,0,,,,,,,,,,,0.0,4,4,0,0,0,
866,838,Quinton Culberson,2TM,24,,6,0,,,,,,,,,,,0.0,8,4,4,0,0,
867,839,Joel Dreessen,HOU,27,TE,16,11,,,,,,,,,,,0.0,6,4,2,0,0,
868,Rk,Player,Tm,Age,Pos,G,GS,Int,Yds,TD,Lng,PD,FF,Fmb,FR,Yds,TD,Sk,Comb,Solo,Ast,TFL,QBHits,Sfty
869,840,Demarcus Faggins,DET,30,,2,0,,,,,,,,,,,0.0,4,4,0,0,0,
870,841,Jay Feely,NYJ,33,,16,0,,,,,,,,,,,0.0,4,4,0,0,0,
871,842,Travis Fisher,SEA,30,,4,0,,,,,,,,,,,0.0,5,4,1,0,1,
872,843,John Gill,IND,23,,2,0,,,,,,,,,,,0.0,9,4,5,0,0,
873,844,Courtney Greene,JAX,23,,9,0,,,,,,,,,,,0.0,5,4,1,0,0,
874,845,Lynell Hamilton,NOR,24,,9,1,,,,,,,,,,,0.0,4,4,0,0,0,
875,846,Cary Harris,BUF,22,,4,1,2,7,0,7,2,,,,,,0.0,5,4,1,0,0,
876,847,Erin Henderson,MIN,23,,2,0,,,,,,0,0,1,0,0,0.0,4,4,0,0,0,
877,848,Jason Hill,SFO,24,,11,0,,,,,,,,,,,0.0,4,4,0,0,0,
878,849,Larry Izzo,NYJ,35,,12,0,,,,,,1,0,2,0,0,0.0,7,4,3,0,0,
879,850,D.J. Johnson ,NYG,24,,3,0,,,,,,,,,,,0.0,6,4,2,0,0,
880,851,Paul Kruger,BAL,23,,9,1,1,26,0,26,3,,,,,,0.0,11,4,7,0,0,
881,852,Mike Leach,ARI,33,,16,0,,,,,,,,,,,0.0,5,4,1,0,0,
882,853,Corey Lynch ,TAM,24,,13,0,0,0,0,0,1,,,,,,0.0,6,4,2,0,0,
883,854,Vaughn Martin ,SDG,23,,10,0,,,,,,,,,,,0.0,5,4,1,1,0,
884,855,Chris McAlister ,NOR,32,,2,0,,,,,,1,0,1,0,0,0.0,4,4,0,0,0,
885,856,Brit Miller,SFO,23,,5,0,,,,,,,,,,,0.0,4,4,0,0,0,
886,857,Zach Miller,JAX,25,,14,0,,,,,,0,0,1,0,0,0.0,5,4,1,0,0,
887,858,Anthony Montgomery,WAS,25,,7,0,0,0,0,0,1,,,,,,0.0,4,4,0,1,0,
888,859,Dre Moore,TAM,24,,7,0,,,,,,,,,,,0.0,4,4,0,2,0,
889,860,Brandon Myers,OAK,24,,11,2,,,,,,1,0,1,0,0,0.0,6,4,2,0,0,
890,861,Haruki Nakamura,BAL,23,,9,0,,,,,,1,0,0,0,0,0.0,4,4,0,0,1,
891,862,Steve Octavien,DAL,25,,14,0,,,,,,,,,,,0.0,6,4,2,0,0,
892,863,Maurice Purify,CIN,23,,5,0,,,,,,,,,,,0.0,6,4,2,0,0,
893,864,Ramzee Robinson,2TM,25,,7,0,,,,,,,,,,,0.0,5,4,1,0,0,
894,865,Daniel Sepulveda,PIT,25,,16,0,,,,,,,,,,,0.0,4,4,0,0,0,
895,866,Reggie Smith,SFO,23,,10,0,,,,,,0,1,1,0,0,0.0,4,4,0,0,0,
896,867,Scott Starks,JAX,26,,5,0,,,,,,,,,,,0.0,7,4,3,0,0,
897,868,Brett Swain,GNB,24,,6,0,,,,,,,,,,,0.0,4,4,0,0,0,
898,869,Devin Thomas,WAS,23,WR,14,10,,,,,,1,0,0,0,0,0.0,4,4,0,0,0,
899,Rk,Player,Tm,Age,Pos,G,GS,Int,Yds,TD,Lng,PD,FF,Fmb,FR,Yds,TD,Sk,Comb,Solo,Ast,TFL,QBHits,Sfty
900,870,Pisa Tinoisamoa,CHI,28,,2,2,,,,,,1,0,0,0,0,0.0,4,4,0,0,0,
901,871,Jyles Tucker,SDG,26,,7,0,,,,,,,,,,,0.0,4,4,0,0,0,
902,872,Jarius Wynn,GNB,23,,11,0,,,,,,,,,,,0.0,4,4,0,0,0,
903,873,Jamar Adams,SEA,24,,6,0,,,,,,,,,,,0.0,4,3,1,0,0,
904,874,Spencer Adkins,ATL,22,,5,0,,,,,,,,,,,0.0,3,3,0,0,0,
905,875,Ken Amato,TEN,32,,16,0,,,,,,0,0,1,0,0,0.0,3,3,0,0,0,
906,876,Deon Anderson ,DAL,26,FB,16,9,,,,,,,,,,,0.0,8,3,5,0,0,
907,877,Jason Avant,PHI,26,WR,16,9,,,,,,1,1,0,0,0,0.0,3,3,0,0,0,
908,878,Jackie Battle,KAN,26,,5,0,,,,,,,,,,,0.0,3,3,0,0,0,
909,879,David Buehler,DAL,22,,16,0,,,,,,,,,,,0.0,3,3,0,0,0,
910,880,Jeremy Cain,JAX,29,,16,0,,,,,,,,,,,0.0,3,3,0,0,0,
911,881,Ahmad Carroll,NYJ,26,,6,0,,,,,,,,,,,0.0,3,3,0,0,0,
912,882,Tony Carter ,DEN,23,,2,1,0,0,0,0,1,0,0,1,0,0,0.0,3,3,0,0,0,
913,883,Jon Dorenbos*,PHI,29,,16,0,,,,,,,,,,,0.0,3,3,0,0,0,
914,884,Daniel Fells,STL,26,,14,4,,,,,,0,1,0,0,0,0.0,3,3,0,0,0,
915,885,Coye Francies,CLE,23,,6,0,0,0,0,0,1,,,,,,0.0,4,3,1,0,0,
916,886,Thomas Gafford,KAN,26,,16,0,,,,,,0,1,0,-38,0,0.0,4,3,1,0,0,
917,887,Antonio Garay,SDG,30,,2,0,,,,,,,,,,,0.0,5,3,2,0,1,
918,888,Robbie Gould,CHI,27,,16,0,,,,,,,,,,,0.0,3,3,0,0,0,
919,889,Earnest Graham,TAM,29,rb,13,6,,,,,,0,0,2,0,0,0.0,3,3,0,0,0,
920,890,De'von Hall,IND,22,,4,0,,,,,,,,,,,0.0,3,3,0,0,0,
921,891,Mike Hart ,IND,23,,9,0,,,,,,,,,,,0.0,3,3,0,0,0,
922,892,Lavelle Hawkins,TEN,23,,10,0,,,,,,,,,,,0.0,4,3,1,0,0,
923,893,Robert Henson,WAS,23,,6,0,,,,,,,,,,,0.0,3,3,0,0,0,
924,894,Dante Hughes,SDG,24,,1,0,,,,,,,,,,,0.0,3,3,0,0,0,
925,895,Brian Jennings,SFO,33,,16,0,,,,,,,,,,,0.0,6,3,3,0,0,
926,896,Todd Johnson,BUF,31,,8,0,,,,,,0,0,1,0,0,0.0,5,3,2,0,0,
927,897,Matt Katula,BAL,27,,16,0,,,,,,,,,,,0.0,3,3,0,0,0,
928,898,Michael Koenen,ATL,27,,16,0,,,,,,0,1,1,0,0,0.0,3,3,0,0,0,
929,899,Quinten Lawrence,KAN,25,,6,1,,,,,,,,,,,0.0,3,3,0,0,0,
930,Rk,Player,Tm,Age,Pos,G,GS,Int,Yds,TD,Lng,PD,FF,Fmb,FR,Yds,TD,Sk,Comb,Solo,Ast,TFL,QBHits,Sfty
931,900,Roy Lewis,SEA,24,,8,0,,,,,,,,,,,0.0,3,3,0,0,0,
932,901,Kenny McKinley,DEN,22,,8,0,,,,,,,,,,,0.0,3,3,0,0,0,
933,902,Josh Morgan,SFO,24,WR,16,15,,,,,,0,0,1,0,0,0.0,3,3,0,0,0,
934,903,Alvin Pearman,TEN,27,,5,0,,,,,,0,1,0,0,0,0.0,4,3,1,0,0,
935,904,Ricky Price,KAN,22,,2,0,,,,,,,,,,,0.0,3,3,0,0,0,
936,905,Antwaan Randle El ,WAS,30,,16,3,,,,,,0,4,0,0,0,0.0,3,3,0,0,0,
937,906,Jeff Reed,PIT,30,,16,0,,,,,,,,,,,0.0,3,3,0,0,0,
938,907,DelJuan Robinson,HOU,25,,11,0,,,,,,,,,,,0.0,4,3,1,1,0,
939,908,Dante Rosario,CAR,25,TE,14,8,,,,,,0,0,1,0,0,0.0,3,3,0,0,0,
940,909,Jon Ryan,SEA,28,,16,0,,,,,,,,,,,0.0,3,3,0,0,0,
941,910,Chad Simpson,IND,24,,14,0,,,,,,,,,,,0.0,4,3,1,0,0,
942,911,Bryan Smith,JAX,26,,6,2,,,,,,,,,,,0.0,6,3,3,2,2,
943,912,Kenny Smith,KAN,32,,6,0,,,,,,,,,,,0.0,3,3,0,0,0,
944,913,Shaun Smith,CIN,28,,3,0,,,,,,,,,,,0.0,8,3,5,0,0,
945,914,Justin Snow,IND,33,,16,0,,,,,,,,,,,0.0,6,3,3,0,0,
946,915,Jonathan Stupar,BUF,25,,14,2,,,,,,,,,,,0.0,3,3,0,0,0,
947,916,Curtis Taylor,SFO,24,,7,0,,,,,,,,,,,0.0,4,3,1,0,0,
948,917,Josh Thomas,IND,28,,2,1,,,,,,,,,,,0.0,4,3,1,0,0,
949,918,Chaun Thompson,HOU,29,,3,0,,,,,,,,,,,0.0,5,3,2,0,0,
950,919,Brian Urlacher,CHI,31,,1,1,,,,,,,,,,,0.0,3,3,0,1,1,
951,920,C.J. Wallace,SEA,24,,5,0,,,,,,,,,,,0.0,3,3,0,0,0,
952,921,Steve Weatherford,NYJ,27,,16,0,,,,,,,,,,,0.0,3,3,0,0,0,
953,922,Leonard Weaver*+,PHI,27,fb,16,8,,,,,,,,,,,0.0,5,3,2,0,0,
954,923,Jamal Williams,SDG,33,,1,1,,,,,,,,,,,0.0,3,3,0,1,0,
955,924,Jason Williams,DAL,23,,5,0,,,,,,,,,,,0.0,3,3,0,0,0,
956,925,Kris Wilson,SDG,28,,16,0,,,,,,1,0,0,0,0,0.0,5,3,2,0,0,
957,926,Rod Wilson,TAM,28,,8,0,,,,,,,,,,,0.0,3,3,0,0,0,
958,927,David Akers*,PHI,35,,16,0,,,,,,,,,,,0.0,2,2,0,0,0,
959,928,Billy Bajema,STL,27,te,16,5,,,,,,,,,,,0.0,2,2,0,0,0,
960,929,Jason Baker,CAR,31,,16,0,,,,,,,,,,,0.0,3,2,1,0,0,
961,Rk,Player,Tm,Age,Pos,G,GS,Int,Yds,TD,Lng,PD,FF,Fmb,FR,Yds,TD,Sk,Comb,Solo,Ast,TFL,QBHits,Sfty
962,930,Kevin Barnes,WAS,23,,4,0,,,,,,0,1,0,0,0,0.0,2,2,0,0,0,
963,931,Travis Beckum,NYG,22,,15,2,,,,,,,,,,,0.0,2,2,0,0,0,
964,932,Michael Bennett,SDG,31,,6,0,,,,,,,,,,,0.0,2,2,0,0,0,
965,933,Michael Bennett ,TAM,24,,7,0,,,,,,,,,,,1.0,3,2,1,1,2,
966,934,Jerome Boyd,OAK,23,,1,0,,,,,,,,,,,0.0,2,2,0,0,0,
967,935,Tashard Choice,DAL,25,,16,0,,,,,,,,,,,0.0,2,2,0,0,0,
968,936,Quan Cosby,CIN,27,,16,0,,,,,,0,2,1,0,0,0.0,3,2,1,0,0,
969,937,Mason Crosby,GNB,25,,16,0,,,,,,,,,,,0.0,3,2,1,0,0,
970,938,Carey Davis,PIT,28,,6,0,,,,,,0,0,1,0,0,0.0,2,2,0,0,0,
971,939,Chris Ellis,BUF,24,,3,0,,,,,,,,,,,0.0,5,2,3,0,1,
972,940,Brandon Fields,MIA,25,,16,0,,,,,,,,,,,0.0,2,2,0,0,0,
973,941,Trevor Ford,GNB,23,,3,0,,,,,,,,,,,0.0,2,2,0,0,0,
974,942,Justin Forsett,SEA,24,,16,2,,,,,,0,4,0,0,0,0.0,2,2,0,0,0,
975,943,Samkon Gado,STL,27,,15,0,,,,,,,,,,,0.0,3,2,1,0,0,
976,944,Quinton Ganther,WAS,25,,8,4,,,,,,,,,,,0.0,2,2,0,0,0,
977,945,Tony Gilbert,ATL,30,,12,0,,,,,,1,0,0,0,0,0.0,4,2,2,1,2,
978,946,Matt Giordano,GNB,27,,5,0,,,,,,,,,,,0.0,2,2,0,0,0,
979,947,Brett Goode,GNB,25,,16,0,,,,,,,,,,,0.0,4,2,2,0,0,
980,948,Shayne Graham,CIN,32,,16,0,,,,,,,,,,,0.0,2,2,0,0,0,
981,949,Ahmard Hall,TEN,30,fb,16,7,,,,,,0,2,0,0,0,0.0,3,2,1,0,0,
982,950,Chris Harrington,JAX,24,,3,0,,,,,,,,,,,0.0,2,2,0,0,0,
983,951,Antoine Harris,ATL,27,,10,0,,,,,,,,,,,0.0,3,2,1,0,0,
984,952,Nick Harris,DET,31,,16,0,,,,,,,,,,,0.0,3,2,1,0,0,
985,953,Reggie Hayward,JAX,30,,1,1,,,,,,,,,,,1.0,2,2,0,1,1,
986,954,Johnnie Lee Higgins,OAK,26,wr,15,5,,,,,,0,4,1,0,0,0.0,2,2,0,,,
987,955,Lendy Holmes,WAS,24,,8,0,,,,,,,,,,,0.0,2,2,0,0,0,
988,956,Kevin Huber,CIN,24,,16,0,,,,,,0,1,1,-34,0,0.0,2,2,0,0,0,
989,957,Brandon Jackson,GNB,24,,12,0,,,,,,0,1,0,0,0,0.0,2,2,0,0,0,
990,958,Tim Jamison,HOU,23,,6,0,,,,,,,,,,,0.0,2,2,0,0,0,
991,959,J.J. Jansen,CAR,23,,16,0,,,,,,,,,,,0.0,3,2,1,0,0,
992,Rk,Player,Tm,Age,Pos,G,GS,Int,Yds,TD,Lng,PD,FF,Fmb,FR,Yds,TD,Sk,Comb,Solo,Ast,TFL,QBHits,Sfty
993,960,Curtis Johnson ,DAL,24,,3,0,,,,,,,,,,,0.0,2,2,0,0,0,
994,961,Dirk Johnson ,TAM,34,,11,0,,,,,,,,,,,0.0,2,2,0,0,0,
995,962,Greg Jones,JAX,28,fb,13,7,,,,,,,,,,,0.0,2,2,0,0,0,
996,963,LaMont Jordan,DEN,31,,9,0,,,,,,,,,,,0.0,2,2,0,0,0,
997,964,Nate Kaeding*+,SDG,27,,16,0,,,,,,,,,,,0.0,2,2,0,0,0,
998,965,Jordan Kent,STL,25,,5,0,,,,,,,,,,,0.0,2,2,0,0,0,
999,966,Jason Kyle,NOR,37,,16,0,,,,,,,,,,,0.0,3,2,1,0,0,
1000,967,Luke Lawton,OAK,29,,13,3,,,,,,,,,,,0.0,3,2,1,0,0,
1001,968,Greg Lewis,MIN,29,,13,1,,,,,,,,,,,0.0,3,2,1,0,0,
1002,969,Rian Lindell,BUF,32,,16,0,,,,,,,,,,,0.0,2,2,0,0,0,
1003,970,Cullen Loeffler,MIN,28,,16,0,,,,,,,,,,,0.0,2,2,0,0,0,
1004,971,Patrick Mannelly,CHI,34,,16,0,,,,,,,,,,,0.0,4,2,2,0,0,
1005,972,Pat McAfee,IND,22,,16,0,,,,,,,,,,,0.0,3,2,1,0,0,
1006,973,Mat McBriar,DAL,30,,16,0,,,,,,,,,,,0.0,2,2,0,0,0,
1007,974,Brandon McKinney,BAL,26,,7,0,,,,,,,,,,,0.0,2,2,0,0,0,
1008,975,Jayme Mitchell ,MIN,25,,4,0,,,,,,,,,,,0.0,3,2,1,0,1,
1009,976,Mike Montgomery,GNB,26,,10,0,,,,,,,,,,,0.0,3,2,1,1,1,
1010,977,Sinorice Moss,NYG,26,,8,0,,,,,,0,1,0,0,0,0.0,2,2,0,0,0,
1011,978,Legedu Naanee,SDG,26,,15,1,,,,,,,,,,,0.0,4,2,2,0,0,
1012,979,Joe Nedney,SFO,36,,14,0,,,,,,,,,,,0.0,2,2,0,0,0,
1013,980,Ryan Neill,STL,27,,9,0,,,,,,,,,,,0.0,2,2,0,0,0,
1014,981,Jake Nordin,DET,25,,4,1,,,,,,,,,,,0.0,2,2,0,0,0,
1015,982,Cyril Obiozor,GNB,23,,5,0,,,,,,,,,,,0.0,2,2,0,0,1,
1016,983,John Phillips,DAL,22,,16,4,,,,,,,,,,,0.0,2,2,0,0,0,
1017,984,Ropati Pitoitua,NYJ,24,,8,0,,,,,,,,,,,0.0,3,2,1,0,0,
1018,985,Derrick Roberson,TAM,24,,6,0,0,0,0,0,2,,,,,,0.0,3,2,1,0,0,
1019,986,Brian Robiskie,CLE,22,,11,1,,,,,,,,,,,0.0,2,2,0,0,0,
1020,987,Bob Sanders ,IND,28,,2,2,1,29,0,29,1,,,,,,0.0,3,2,1,0,0,
1021,988,Mike Schneck ,ATL,32,,7,0,,,,,,,,,,,0.0,2,2,0,0,0,
1022,989,Bernard Scott,CIN,25,,13,2,,,,,,0,1,0,0,0,0.0,2,2,0,0,0,
1023,Rk,Player,Tm,Age,Pos,G,GS,Int,Yds,TD,Lng,PD,FF,Fmb,FR,Yds,TD,Sk,Comb,Solo,Ast,TFL,QBHits,Sfty
1024,990,Clifton Smith,TAM,24,,11,0,,,,,,0,3,1,-6,0,0.0,3,2,1,0,0,
1025,991,Aaron Stecker,ATL,34,,9,0,,,,,,,,,,,0.0,2,2,0,0,0,
1026,992,Lawrence Tynes,NYG,31,,16,0,,,,,,,,,,,0.0,2,2,0,0,0,
1027,993,Danny Ware,NYG,24,,8,0,,,,,,0,1,0,0,0,0.0,3,2,1,0,0,
1028,994,Anthony Waters,NOR,25,,3,0,,,,,,,,,,,0.0,2,2,0,0,0,
1029,995,Terrence Wheatley,NWE,24,,5,0,,,,,,,,,,,0.0,2,2,0,0,0,
1030,996,Jamie Winborn,TEN,30,,2,0,,,,,,,,,,,0.0,2,2,0,0,0,
1031,997,Brian Witherspoon,2TM,24,,8,0,,,,,,0,2,0,0,0,0.0,3,2,1,0,0,
1032,998,Danny Woodhead,NYJ,24,,10,0,,,,,,,,,,,0.0,2,2,0,0,0,
1033,999,Todd Yoder,WAS,31,,16,1,,,,,,,,,,,0.0,3,2,1,0,0,
1034,1000,Titus Adams,NWE,26,,2,0,,,,,,,,,,,0.0,2,1,1,0,0,
1035,1001,Ethan Albright,WAS,38,,16,0,,,,,,,,,,,0.0,1,1,0,0,0,
1036,1002,Ryan Baker,MIA,25,,5,0,,,,,,,,,,,0.5,2,1,1,0,1,
1037,1003,Jason Banks,ARI,24,,1,0,,,,,,,,,,,1.0,2,1,1,0,1,
1038,1004,Connor Barth,TAM,23,,9,0,,,,,,,,,,,0.0,1,1,0,0,0,
1039,1005,Kahlil Bell,CHI,23,,7,0,,,,,,,,,,,0.0,3,1,2,0,0,
1040,1006,Mike Bell,NOR,26,,13,3,,,,,,0,2,0,0,0,0.0,2,1,1,0,0,
1041,1007,Cedric Benson ,CIN,27,RB,13,13,,,,,,0,1,1,0,0,0.0,1,1,0,0,0,
1042,1008,Rob Bironas,TEN,31,,16,0,,,,,,,,,,,0.0,1,1,0,0,0,
1043,1009,Will Blackmon,GNB,25,,3,0,,,,,,,,,,,0.0,1,1,0,0,0,
1044,1010,John Bowie,OAK,25,,3,0,,,,,,,,,,,0.0,1,1,0,0,0,
1045,1011,Eric Brock ,ATL,24,,2,0,,,,,,,,,,,0.0,1,1,0,0,0,
1046,1012,Duane Brown,HOU,24,LT,16,16,,,,,,0,0,1,0,0,0.0,1,1,0,0,0,
1047,1013,Josh Brown ,STL,30,,16,0,,,,,,,,,,,0.0,2,1,1,0,0,
1048,1014,Kris Brown,HOU,33,,16,0,,,,,,,,,,,0.0,1,1,0,0,0,
1049,1015,Keenan Burton,STL,25,WR,9,6,,,,,,,,,,,0.0,1,1,0,0,0,
1050,1016,Jermon Bushrod,NOR,25,LT,15,14,,,,,,,,,,,0.0,1,1,0,0,0,
1051,1017,Greg Camarillo,MIA,27,WR,16,16,,,,,,1,0,0,0,0,0.0,1,1,0,0,0,
1052,1018,John Carlson,SEA,25,TE,16,16,,,,,,,,,,,0.0,1,1,0,0,0,
1053,1019,Dan Carpenter*,MIA,24,,16,0,,,,,,,,,,,0.0,2,1,1,0,0,
1054,Rk,Player,Tm,Age,Pos,G,GS,Int,Yds,TD,Lng,PD,FF,Fmb,FR,Yds,TD,Sk,Comb,Solo,Ast,TFL,QBHits,Sfty
1055,1020,Chris Chester,BAL,26,RG,16,13,,,,,,,,,,,0.0,1,1,0,0,0,
1056,1021,Kendrick Clancy,NOR,31,,2,0,,,,,,,,,,,0.0,2,1,1,0,0,
1057,1022,Patrick Cobbs,MIA,26,,5,0,,,,,,,,,,,0.0,1,1,0,0,0,
1058,1023,Michael Coe,JAX,26,,5,0,,,,,,,,,,,0.0,1,1,0,0,0,
1059,1024,Kerry Collins,TEN,37,qb,7,6,,,,,,0,3,1,-4,0,0.0,1,1,0,0,0,
1060,1025,Dustin Colquitt,KAN,27,,16,0,,,,,,,,,,,0.0,1,1,0,0,0,
1061,1026,Kennard Cox,JAX,24,,4,0,,,,,,,,,,,0.0,1,1,0,0,0,
1062,1027,Kellen Davis,CHI,24,,16,2,,,,,,,,,,,0.0,1,1,0,0,0,
1063,1028,Lionel Dotson,MIA,24,,2,0,,,,,,,,,,,0.0,2,1,1,0,0,
1064,1029,Early Doucet,ARI,24,,9,0,,,,,,,,,,,0.0,3,1,2,0,0,
1065,1030,Keilen Dykes,ARI,25,,2,0,,,,,,,,,,,0.0,1,1,0,0,0,
1066,1031,Andrew Economos,TAM,27,,16,0,,,,,,,,,,,0.0,1,1,0,0,0,
1067,1032,Greg Estandia,2TM,27,,6,1,,,,,,,,,,,0.0,1,1,0,0,0,
1068,1033,Jerome Felton,DET,23,fb,13,8,,,,,,,,,,,0.0,1,1,0,0,0,
1069,1034,Tony Fiammetta,CAR,23,,10,2,,,,,,,,,,,0.0,1,1,0,0,0,
1070,1035,Yamon Figurs,2TM,26,,6,0,,,,,,,,,,,0.0,1,1,0,0,0,
1071,1036,Brian Finneran,ATL,33,,10,2,0,0,0,0,1,1,0,0,0,0,0.0,2,1,1,0,1,
1072,1037,Malcom Floyd ,SDG,28,WR,16,9,,,,,,,,,,,0.0,1,1,0,0,0,
1073,1038,J.D. Folsom,MIA,25,,2,0,,,,,,,,,,,0.0,1,1,0,0,0,
1074,1039,Arian Foster ,HOU,23,,6,1,,,,,,0,1,0,0,0,0.0,2,1,1,0,0,
1075,1040,Vernon Fox,DEN,30,,2,0,,,,,,,,,,,0.0,1,1,0,0,0,
1076,1041,Jamaal Fudge,ATL,26,,2,0,,,,,,,,,,,0.0,1,1,0,0,0,
1077,1042,Dion Gales,KAN,24,,3,0,,,,,,,,,,,0.0,1,1,0,0,1,
1078,1043,K.J. Gerard,BAL,23,,3,0,,,,,,,,,,,0.0,1,1,0,0,0,
1079,1044,Jarron Gilbert,CHI,23,,4,0,,,,,,,,,,,0.0,1,1,0,0,0,
1080,1045,John Gilmore,TAM,30,,13,2,,,,,,,,,,,0.0,1,1,0,0,0,
1081,1046,Adam Goldberg,STL,29,RT,16,14,,,,,,0,0,1,5,0,0.0,1,1,0,0,0,
1082,1047,Ben Graham,ARI,36,,16,0,,,,,,1,0,0,0,0,0.0,1,1,0,0,0,
1083,1048,Daniel Graham,DEN,31,TE,16,14,,,,,,,,,,,0.0,1,1,0,0,0,
1084,1049,Letroy Guion,MIN,22,,7,0,0,0,0,0,1,,,,,,0.0,1,1,0,0,0,
1085,Rk,Player,Tm,Age,Pos,G,GS,Int,Yds,TD,Lng,PD,FF,Fmb,FR,Yds,TD,Sk,Comb,Solo,Ast,TFL,QBHits,Sfty
1086,1050,Jason Hanson,DET,39,,16,0,,,,,,,,,,,0.0,1,1,0,0,0,
1087,1051,Clark Harris,CIN,25,,11,0,,,,,,,,,,,0.0,1,1,0,0,0,
1088,1052,Ra'Shon Harris,CAR,23,,2,0,,,,,,,,,,,0.0,2,1,1,0,0,
1089,1053,Stephen Hauschka,BAL,24,,9,0,,,,,,,,,,,0.0,1,1,0,0,0,
1090,1054,Mario Henderson ,OAK,25,LT,16,16,,,,,,0,0,1,0,0,0.0,1,1,0,0,0,
1091,1055,Chris Henry ,TEN,24,,2,0,,,,,,,,,,,0.0,1,1,0,0,0,
1092,1056,Todd Herremans,PHI,27,LG,11,11,,,,,,,,,,,0.0,1,1,0,,,
1093,1057,Chris Hoke,PIT,33,,16,0,,,,,,,,,,,0.0,4,1,3,0,1,
1094,1058,Brad Hoover,CAR,33,,11,4,,,,,,0,1,0,0,0,0.0,1,1,0,0,0,
1095,1059,Kevin Houser,SEA,32,,14,0,,,,,,0,1,0,-9,0,0.0,1,1,0,0,0,
1096,1060,Kareem Huggins,TAM,23,,3,0,,,,,,0,0,1,0,0,0.0,1,1,0,0,0,
1097,1061,Tory Humphrey,NOR,26,,1,0,,,,,,,,,,,0.0,1,1,0,0,0,
1098,1062,Juaquin Iglesias,CHI,22,,1,0,,,,,,,,,,,0.0,1,1,0,0,0,
1099,1063,Corey Ivy,2TM,32,,3,0,0,0,0,0,1,,,,,,0.0,1,1,0,0,1,
1100,1064,Fred Jackson,BUF,28,RB,16,11,,,,,,0,4,0,0,0,0.0,1,1,0,0,0,
1101,1065,Rob Jackson,WAS,24,,5,0,0,0,0,0,1,,,,,,0.0,1,1,0,1,1,
1102,1066,Sebastian Janikowski,OAK,31,,16,0,,,,,,,,,,,0.0,1,1,0,0,0,
1103,1067,Adam Jennings,DET,27,,1,0,,,,,,,,,,,0.0,1,1,0,0,0,
1104,1068,Donnie Jones ,STL,29,,16,0,,,,,,,,,,,0.0,1,1,0,0,0,
1105,1069,Mark Jones,TEN,29,,3,0,,,,,,,,,,,0.0,1,1,0,0,0,
1106,1070,Jeremy Kapinos,GNB,25,,16,0,,,,,,,,,,,0.0,1,1,0,0,0,
1107,1071,Jevon Kearse,TEN,33,,6,4,,,,,,0,0,1,0,0,1.0,4,1,3,1,2,
1108,1072,Jeff King,CAR,26,TE,16,15,,,,,,0,1,1,0,0,0.0,1,1,0,0,0,
1109,1073,Johnny Knox*,CHI,23,,15,0,,,,,,0,3,1,0,0,0.0,1,1,0,0,0,
1110,1074,Gerard Lawson,CLE,24,,5,0,,,,,,,,,,,0.0,1,1,0,0,0,
1111,1075,Rodney Leisle,NOR,28,,1,0,,,,,,,,,,,0.0,1,1,0,0,0,
1112,1076,Keenan Lewis,PIT,23,,4,0,,,,,,,,,,,0.0,1,1,0,0,0,
1113,1077,Rhys Lloyd,CAR,27,,16,0,,,,,,,,,,,0.0,1,1,0,0,0,
1114,1078,Marshawn Lynch ,BUF,23,rb,13,6,,,,,,0,3,2,0,0,0.0,1,1,0,,,
1115,1079,Marcus Mailei,NOR,23,,2,0,,,,,,,,,,,0.0,1,1,0,0,0,
1116,Rk,Player,Tm,Age,Pos,G,GS,Int,Yds,TD,Lng,PD,FF,Fmb,FR,Yds,TD,Sk,Comb,Solo,Ast,TFL,QBHits,Sfty
1117,1080,Olindo Mare,SEA,36,,16,0,,,,,,0,0,1,-3,0,0.0,1,1,0,0,0,
1118,1081,Laurence Maroney,NWE,24,rb,15,5,,,,,,1,4,0,0,0,0.0,1,1,0,0,0,
1119,1082,Brad Maynard,CHI,35,,16,0,,,,,,0,1,1,0,0,0.0,1,1,0,0,0,
1120,1083,Antwaun Molden,HOU,24,,4,0,,,,,,,,,,,0.0,2,1,1,0,0,
1121,1084,William Moore,ATL,24,,2,0,,,,,,,,,,,0.0,2,1,1,0,0,
1122,1085,Thomas Morstead,NOR,23,,16,0,,,,,,,,,,,0.0,1,1,0,0,0,
1123,1086,Rico Murray,CIN,22,,4,0,,,,,,,,,,,0.0,1,1,0,0,0,
1124,1087,Jordy Nelson,GNB,24,,13,0,,,,,,0,3,1,0,0,0.0,1,1,0,0,0,
1125,1088,Moran Norris,SFO,31,rb,16,7,,,,,,0,1,1,0,0,0.0,1,1,0,0,0,
1126,1089,Slade Norris,OAK,24,,4,0,,,,,,,,,,,0.0,2,1,1,0,0,
1127,1090,Mike Nugent,2TM,27,,6,0,,,,,,,,,,,0.0,1,1,0,0,0,
1128,1091,Kevin Ogletree,DAL,22,,11,0,,,,,,0,2,1,0,0,0.0,1,1,0,0,0,
1129,1092,Cord Parks,STL,23,,2,0,,,,,,,,,,,0.0,1,1,0,0,0,
1130,1093,Roscoe Parrish,BUF,27,,12,0,,,,,,0,5,3,-4,0,0.0,1,1,0,0,0,
1131,1094,Bear Pascoe,NYG,23,,4,1,,,,,,,,,,,0.0,2,1,1,0,0,
1132,1095,Lonie Paxton,DEN,31,,16,0,,,,,,,,,,,0.0,1,1,0,0,0,
1133,1096,Justin Peelle,ATL,30,TE,15,8,,,,,,0,0,1,0,0,0.0,1,1,0,0,0,
1134,1097,Charlie Peprah,ATL,26,,2,0,,,,,,,,,,,0.0,1,1,0,0,0,
1135,1098,Greg Peterson,JAX,25,,2,0,,,,,,,,,,,0.0,1,1,0,0,0,
1136,1099,Geoffrey Pope,2TM,25,,5,0,0,0,0,0,1,,,,,,0.0,2,1,1,0,0,
1137,1100,Matt Prater,DEN,25,,16,0,,,,,,,,,,,0.0,1,1,0,0,0,
1138,1101,Richard Quinn,DEN,23,,15,0,,,,,,,,,,,0.0,2,1,1,0,0,
1139,1102,Dominic Raiola,DET,31,C,16,16,,,,,,,,,,,0.0,1,1,0,0,0,
1140,1103,Javon Ringer,TEN,22,,7,0,,,,,,,,,,,0.0,1,1,0,0,0,
1141,1104,Justin Rogers,KAN,26,,1,0,,,,,,,,,,,0.0,1,1,0,0,0,
1142,1105,Allen Rossum,2TM,34,,4,0,,,,,,,,,,,0.0,2,1,1,0,0,
1143,1106,Garrison Sanborn,BUF,24,,16,0,,,,,,,,,,,0.0,1,1,0,0,0,
1144,1107,Terdell Sands,NWE,30,,1,0,,,,,,,,,,,0.0,1,1,0,0,0,
1145,1108,Adam Seward,JAX,27,,3,0,,,,,,,,,,,0.0,1,1,0,0,0,
1146,1109,Kevin Smith,DET,23,RB,13,13,,,,,,0,3,0,0,0,0.0,1,1,0,0,0,1
1147,Rk,Player,Tm,Age,Pos,G,GS,Int,Yds,TD,Lng,PD,FF,Fmb,FR,Yds,TD,Sk,Comb,Solo,Ast,TFL,QBHits,Sfty
1148,1110,Jason Snelling ,ATL,26,,14,2,,,,,,0,2,0,0,0,0.0,2,1,1,0,0,
1149,1111,Stephen Spach,ARI,27,te,7,5,,,,,,,,,,,0.0,1,1,0,0,0,
1150,1112,Micheal Spurlock,2TM,26,,6,0,,,,,,0,1,1,0,0,0.0,2,1,1,0,0,
1151,1113,Brad St. Louis,CIN,33,,5,0,,,,,,,,,,,0.0,1,1,0,0,0,
1152,1114,Josh Stamer,2TM,32,,4,0,,,,,,,,,,,0.0,3,1,2,0,0,
1153,1115,Ryan Succop,KAN,23,,16,0,,,,,,,,,,,0.0,1,1,0,0,0,
1154,1116,Limas Sweed,PIT,25,,9,0,,,,,,,,,,,0.0,1,1,0,0,0,
1155,1117,Kelly Talavou,BAL,25,,3,0,,,,,,,,,,,0.0,1,1,0,0,0,
1156,1118,Hilee Taylor,CAR,23,,6,0,,,,,,,,,,,0.0,2,1,1,0,0,
1157,1119,Pierre Thomas,NOR,25,rb,14,6,,,,,,0,2,0,0,0,0.0,1,1,0,0,0,
1158,1120,Jeremy Thompson,GNB,24,,6,0,,,,,,,,,,,0.0,1,1,0,0,0,
1159,1121,Jeremy Trueblood,TAM,26,RT,16,16,,,,,,,,,,,0.0,1,1,0,0,0,
1160,1122,Jerheme Urban ,ARI,29,,10,0,,,,,,,,,,,0.0,1,1,0,0,0,
1161,1123,Pierre Walters,KAN,23,,3,0,,,,,,,,,,,0.0,1,1,0,0,0,
1162,1124,Chauncey Washington,DAL,24,,2,0,,,,,,,,,,,0.0,1,1,0,0,0,
1163,1125,Kelley Washington,BAL,30,,15,2,,,,,,,,,,,0.0,1,1,0,0,0,
1164,1126,Leon Washington,NYJ,27,,7,0,,,,,,0,1,0,0,0,0.0,1,1,0,0,0,
1165,1127,Derrick Williams,DET,23,,11,0,,,,,,0,2,1,0,0,0.0,1,1,0,0,0,
1166,1128,Matt Willis,DEN,25,,1,1,,,,,,,,,,,0.0,1,1,0,0,0,
1167,1129,Jahi Word-Daniels,DET,23,,2,0,,,,,,,,,,,0.0,1,1,0,0,0,
1168,1130,James Wyche,2TM,27,,3,0,,,,,,,,,,,0.0,1,1,0,0,0,
1169,1131,DeShawn Wynn,GNB,26,,4,0,,,,,,,,,,,0.0,2,1,1,0,0,
1170,1132,Renaldo Wynn,WAS,35,,2,0,,,,,,,,,,,0.0,1,1,0,0,0,
1171,1133,Dave Zastudil,CLE,31,,8,0,,,,,,,,,,,0.0,1,1,0,0,0,
1172,1134,Branden Albert ,KAN,25,LT,14,14,,,,,,0,0,1,0,0,0.0,,,,,,
1173,1135,Danny Amendola,STL,24,,14,2,,,,,,0,4,1,0,0,0.0,,,,,,
1174,1136,Derek Anderson ,CLE,26,qb,8,7,,,,,,0,5,2,-4,0,0.0,,,,,,
1175,1137,Devin Aromashodu,CHI,25,,10,2,,,,,,0,0,1,0,0,0.0,,,,,,
1176,1138,B.J. Askew,TAM,29,,5,2,,,,,,0,0,1,0,0,0.0,,,,,,
1177,1139,Sam Baker,ATL,24,LT,14,14,,,,,,0,0,1,0,0,0.0,,,,,,
1178,Rk,Player,Tm,Age,Pos,G,GS,Int,Yds,TD,Lng,PD,FF,Fmb,FR,Yds,TD,Sk,Comb,Solo,Ast,TFL,QBHits,Sfty
1179,1140,Allen Barbre,GNB,25,rt,10,7,,,,,,0,0,1,0,0,0.0,,,,,,
1180,1141,Hank Baskett,2TM,27,,12,0,,,,,,,,,,,0.0,1,0,1,0,0,
1181,1142,Anthony Becht,ARI,32,TE,16,10,,,,,,0,1,1,0,0,0.0,,,,,,
1182,1143,Earl Bennett,CHI,22,WR,16,15,,,,,,0,2,1,0,0,0.0,,,,,,
1183,1144,Davone Bess,MIA,24,,16,2,,,,,,0,6,2,0,0,0.0,,,,,,
1184,1145,Ladell Betts,WAS,30,,10,2,,,,,,0,0,1,0,0,0.0,,,,,,
1185,1146,Rocky Boiman,PIT,29,,6,0,,,,,,,,,,,0.0,3,0,3,0,0,
1186,1147,Anquan Boldin,ARI,29,WR,15,15,,,,,,0,3,1,0,0,0.0,,,,,,
1187,1148,Brock Bolen,JAX,24,,3,0,,,,,,,,,,,0.0,1,0,1,,,
1188,1149,Kevin Boss,NYG,25,TE,15,15,,,,,,1,0,1,0,0,0.0,,,,,,
1189,1150,Ahmad Bradshaw,NYG,23,rb,15,1,,,,,,0,3,1,-1,0,0.0,,,,,,
1190,1151,Deion Branch,SEA,30,wr,14,5,,,,,,0,0,1,0,0,0.0,,,,,,
1191,1152,Steve Breaston,ARI,26,wr,15,6,,,,,,0,2,1,0,0,0.0,,,,,,
1192,1153,Drew Brees*,NOR,30,QB,15,15,,,,,,0,10,2,0,0,0.0,,,,,,
1193,1154,Jeremy Bridges,ARI,29,,16,4,,,,,,0,0,2,0,0,0.0,,,,,,
1194,1155,Diyral Briggs,SFO,24,,4,0,,,,,,,,,,,0.0,2,0,2,0,0,
1195,1156,Eben Britton,JAX,22,RT,15,15,,,,,,0,0,1,0,0,0.0,,,,,,
1196,1157,Aaron Brown,DET,24,,15,2,,,,,,,,,,,0.0,1,0,1,0,0,
1197,1158,Donald Brown,IND,22,,11,1,,,,,,0,1,1,0,0,0.0,,,,,,
1198,1159,Marc Bulger,STL,32,QB,9,8,,,,,,0,6,2,0,0,0.0,,,,,,
1199,1160,Nate Burleson,SEA,28,WR,13,12,,,,,,0,3,1,0,0,0.0,,,,,,
1200,1161,Antwon Burton,CAR,26,,2,0,,,,,,,,,,,0.0,1,0,1,0,0,
1201,1162,Reggie Bush,NOR,24,RB,14,8,,,,,,0,4,2,0,0,0.0,,,,,,
1202,1163,Jason Campbell,WAS,28,QB,16,16,,,,,,0,13,5,-25,0,0.0,,,,,,
1203,1164,Khary Campbell,HOU,30,,1,0,,,,,,,,,,,0.0,1,0,1,,,
1204,1165,Vernon Carey,MIA,28,RT,16,16,,,,,,0,0,2,-9,0,0.0,,,,,,
1205,1166,Cooper Carlisle,OAK,32,RG,16,16,,,,,,0,0,2,0,0,0.0,,,,,,
1206,1167,Matt Cassel,KAN,27,QB,15,15,,,,,,0,14,4,-29,0,0.0,,,,,,
1207,1168,Desmond Clark,CHI,32,te,11,7,,,,,,0,0,1,0,0,0.0,,,,,,
1208,1169,Jeromey Clary,SDG,26,RT,10,10,,,,,,0,0,1,0,0,0.0,,,,,,
1209,Rk,Player,Tm,Age,Pos,G,GS,Int,Yds,TD,Lng,PD,FF,Fmb,FR,Yds,TD,Sk,Comb,Solo,Ast,TFL,QBHits,Sfty
1210,1170,Michael Clayton,TAM,27,WR,13,11,,,,,,1,0,0,0,0,0.0,,,,,,
1211,1171,Kellen Clemens,NYJ,26,,10,1,,,,,,0,2,1,-12,0,0.0,,,,,,
1212,1172,Laveranues Coles,CIN,32,WR,16,13,,,,,,0,0,1,0,0,0.0,,,,,,
1213,1173,Austin Collie,IND,24,wr,16,5,,,,,,0,0,1,0,0,0.0,,,,,,
1214,1174,Chris Cooley,WAS,27,te,7,7,,,,,,0,1,1,0,0,0.0,,,,,,
1215,1175,Jerricho Cotchery,NYJ,27,WR,14,12,,,,,,0,1,1,0,0,0.0,,,,,,
1216,1176,Patrick Crayton,DAL,30,wr,16,6,,,,,,0,4,2,0,0,0.0,,,,,,
1217,1177,Daunte Culpepper,DET,32,qb,8,5,,,,,,0,4,4,-8,0,0.0,,,,,,
1218,1178,Jay Cutler ,CHI,26,QB,16,16,,,,,,0,9,5,-8,0,0.0,,,,,,
1219,1179,James Davis,CLE,23,,2,0,,,,,,,,,,,0.0,1,0,1,0,0,
1220,1180,Jake Delhomme,CAR,34,QB,11,11,,,,,,0,6,3,-8,0,0.0,,,,,,
1221,1181,Kyle DeVan,IND,24,RG,15,9,,,,,,1,0,0,0,0,0.0,,,,,,
1222,1182,David Diehl*,NYG,29,LT,16,16,,,,,,0,0,1,0,0,0.0,,,,,,
1223,1183,Ryan Diem,IND,30,RT,15,15,,,,,,0,0,1,0,0,0.0,,,,,,
1224,1184,Julian Edelman,NWE,23,WR,11,7,,,,,,0,1,1,0,0,0.0,,,,,,
1225,1185,Jeff Faine,TAM,28,C,12,12,,,,,,0,1,1,0,0,0.0,,,,,,
1226,1186,Alan Faneca*,NYJ,33,LG,16,16,,,,,,0,0,1,0,0,0.0,,,,,,
1227,1187,D'Brickashaw Ferguson *,NYJ,26,LT,16,16,,,,,,0,0,1,0,0,0.0,,,,,,
1228,1188,Derek Fine,BUF,26,TE,8,6,,,,,,0,0,1,0,0,0.0,3,0,3,0,0,
1229,1189,Jermichael Finley,GNB,22,TE,13,10,,,,,,0,1,1,2,0,0.0,,,,,,
1230,1190,Joe Flacco,BAL,24,QB,16,16,,,,,,0,8,3,0,0,0.0,,,,,,
1231,1191,Matt Forte ,CHI,24,RB,16,16,,,,,,0,6,2,0,0,0.0,,,,,,
1232,1192,Ryan Fowler,NYJ,27,,8,0,,,,,,,,,,,0.0,3,0,3,0,0,
1233,1193,Josh Freeman ,TAM,21,QB,10,9,,,,,,0,10,6,-14,0,0.0,,,,,,
1234,1194,Mike Gandy,ARI,30,LT,12,12,,,,,,0,0,2,0,0,0.0,,,,,,
1235,1195,Nate Garner,MIA,24,lg,16,8,,,,,,0,0,2,0,0,0.0,,,,,,
1236,1196,David Garrard*,JAX,31,QB,16,16,,,,,,0,14,2,-4,0,0.0,,,,,,
1237,1197,Brandon Gibson ,2TM,22,,10,4,,,,,,0,2,1,0,0,0.0,,,,,,
1238,1198,Ted Ginn Jr.,MIA,24,WR,16,12,,,,,,0,2,1,0,0,0.0,,,,,,
1239,1199,Mike Goff,KAN,33,rg,8,7,,,,,,0,0,2,0,0,0.0,,,,,,
1240,Rk,Player,Tm,Age,Pos,G,GS,Int,Yds,TD,Lng,PD,FF,Fmb,FR,Yds,TD,Sk,Comb,Solo,Ast,TFL,QBHits,Sfty
1241,1200,Jonathan Goodwin*,NOR,31,C,16,16,,,,,,0,0,1,0,0,0.0,,,,,,
1242,1201,Frank Gore*,SFO,26,RB,14,14,,,,,,0,4,1,0,0,0.0,,,,,,
1243,1202,Bruce Gradkowski,OAK,26,,7,4,,,,,,0,5,2,-7,0,0.0,,,,,,
1244,1203,Ryan Grant,GNB,27,RB,16,16,,,,,,0,1,1,0,0,0.0,,,,,,
1245,1204,BenJarvus Green-Ellis,NWE,24,,12,0,,,,,,,,,,,0.0,1,0,1,0,0,
1246,1205,Rex Grossman,HOU,29,,1,0,,,,,,0,1,1,-4,0,0.0,,,,,,
1247,1206,Ben Grubbs,BAL,25,LG,16,16,,,,,,0,0,1,0,0,0.0,,,,,,
1248,1207,Ben Hamilton,DEN,32,lg,15,8,,,,,,0,0,1,0,0,0.0,,,,,,
1249,1208,Matt Hasselbeck ,SEA,34,QB,14,14,,,,,,0,11,5,-17,0,0.0,,,,,,
1250,1209,Joey Haynos,MIA,25,te,16,8,,,,,,0,1,0,0,0,0.0,1,0,1,,,
1251,1210,Todd Heap,BAL,29,TE,16,16,,,,,,0,1,1,0,0,0.0,,,,,,
1252,1211,Steve Heiden,CLE,33,te,7,6,,,,,,0,1,1,0,0,0.0,,,,,,
1253,1212,Chad Henne,MIA,24,QB,14,13,,,,,,0,4,2,-6,0,0.0,,,,,,
1254,1213,Devin Hester,CHI,27,WR,13,12,,,,,,0,3,2,0,0,0.0,,,,,,
1255,1214,Jake Ingram,NWE,24,,16,0,0,0,0,0,1,,,,,,0.0,,,,,,
1256,1215,DeSean Jackson*,PHI,23,WR,15,15,,,,,,0,3,1,0,0,0.0,,,,,,
1257,1216,Jamaal Jackson,PHI,29,C,15,15,,,,,,0,0,1,0,0,0.0,,,,,,
1258,1217,Steven Jackson*,STL,26,RB,15,15,,,,,,0,2,1,-2,0,0.0,,,,,,
1259,1218,Vincent Jackson*,SDG,26,WR,15,15,,,,,,0,0,1,0,0,0.0,,,,,,
1260,1219,Brandon Jacobs,NYG,27,RB,15,15,,,,,,0,2,1,0,0,0.0,,,,,,
1261,1220,Edgerrin James,SEA,31,,7,0,,,,,,0,1,1,0,0,0.0,,,,,,
1262,1221,Peria Jerry,ATL,25,,2,2,,,,,,,,,,,0.0,1,0,1,0,1,
1263,1222,Andre Johnson *+,HOU,28,WR,16,16,,,,,,0,1,1,0,0,0.0,,,,,,
1264,1223,Chris Johnson *+,TEN,24,RB,16,16,,,,,,0,3,1,0,0,0.0,,,,,,
1265,1224,Gartrell Johnson,NYG,23,,10,0,,,,,,0,0,1,0,0,0.0,1,0,1,0,0,
1266,1225,Josh Johnson,TAM,23,,6,4,,,,,,0,7,3,-3,0,0.0,,,,,,
1267,1226,Felix Jones,DAL,22,,14,1,,,,,,0,3,1,0,0,0.0,,,,,,
1268,1227,Jacoby Jones,HOU,25,,14,1,,,,,,0,2,1,0,0,0.0,,,,,,
1269,1228,James Jones,GNB,25,,16,3,,,,,,1,0,0,0,0,0.0,,,,,,
1270,1229,Julius Jones,SEA,28,RB,14,14,,,,,,0,0,2,0,0,0.0,,,,,,
1271,Rk,Player,Tm,Age,Pos,G,GS,Int,Yds,TD,Lng,PD,FF,Fmb,FR,Yds,TD,Sk,Comb,Solo,Ast,TFL,QBHits,Sfty
1272,1230,Thomas Jones,NYJ,31,RB,16,16,,,,,,0,2,2,0,0,0.0,,,,,,
1273,1231,Maurice Jones-Drew*,JAX,24,RB,16,16,,,,,,0,2,2,-5,0,0.0,,,,,,
1274,1232,Winston Justice,PHI,25,RT,16,16,,,,,,0,0,1,0,0,0.0,,,,,,
1275,1233,Nick Kaczur,NWE,30,RT,14,13,,,,,,0,0,1,0,0,0.0,,,,,,
1276,1234,Dustin Keller,NYJ,25,TE,16,12,,,,,,1,1,1,0,0,0.0,,,,,,
1277,1235,Dan Koppen,NWE,30,C,16,16,,,,,,0,0,1,0,0,0.0,,,,,,
1278,1236,Vonta Leach,HOU,28,,16,4,,,,,,0,0,1,0,0,0.0,,,,,,
1279,1237,Andy Lee *,SFO,27,,16,0,,,,,,,,,,,0.0,1,0,1,0,0,
1280,1238,Donald Lee ,GNB,29,TE,16,10,,,,,,0,0,1,0,0,0.0,,,,,,
1281,1239,Andy Levitre,BUF,23,LG,16,16,,,,,,0,0,1,0,0,0.0,,,,,,
1282,1240,Mark LeVoir,NWE,27,,10,0,,,,,,0,0,1,0,0,0.0,,,,,,
1283,1241,Sean Locklear,SEA,28,LT,10,10,,,,,,0,0,1,0,0,0.0,,,,,,
1284,1242,Lance Long ,2TM,24,,8,1,,,,,,0,1,1,0,0,0.0,,,,,,
1285,1243,Corey Mace,BUF,24,,2,0,1,0,0,0,1,,,,,,0.0,1,0,1,0,0,
1286,1244,Sean Mahan,TAM,29,,6,4,,,,,,0,0,1,0,0,0.0,,,,,,
1287,1245,Eli Manning ,NYG,28,QB,16,16,,,,,,0,13,1,0,0,0.0,,,,,,
1288,1246,Vince Manuwai,JAX,29,LG,16,16,,,,,,0,0,1,0,0,0.0,,,,,,
1289,1247,Ruvell Martin ,STL,27,,8,0,,,,,,0,0,1,0,0,0.0,,,,,,
1290,1248,Evan Mathis,CIN,28,lg,13,7,,,,,,0,0,1,0,0,0.0,,,,,,
1291,1249,Le'Ron McClain*,BAL,25,FB,16,14,,,,,,,,,,,0.0,1,0,1,0,0,
1292,1250,Todd McClure,ATL,32,C,16,16,,,,,,0,0,1,0,0,0.0,,,,,,
1293,1251,LeSean McCoy,PHI,21,,16,4,,,,,,0,2,1,0,0,0.0,,,,,,
1294,1252,Willis McGahee,BAL,28,,16,1,,,,,,0,1,1,0,0,0.0,,,,,,
1295,1253,Bryant McKinnie*,MIN,30,LT,16,16,,,,,,0,0,1,0,0,0.0,,,,,,
1296,1254,Donovan McNabb*,PHI,33,QB,14,14,,,,,,0,10,3,-12,0,0.0,,,,,,
1297,1255,Robert Meachem,NOR,25,wr,16,7,,,,,,1,2,1,44,1,0.0,,,,,,
1298,1256,Rashard Mendenhall,PIT,22,RB,16,12,,,,,,0,3,1,0,0,0.0,,,,,,
1299,1257,Zach Miller,OAK,24,TE,15,15,,,,,,0,0,1,0,0,0.0,,,,,,
1300,1258,Marko Mitchell ,WAS,24,,10,0,,,,,,,,,,,0.0,1,0,1,0,0,
1301,1259,Matt Moore,CAR,25,qb,7,5,,,,,,0,2,1,-2,0,0.0,,,,,,
1302,Rk,Player,Tm,Age,Pos,G,GS,Int,Yds,TD,Lng,PD,FF,Fmb,FR,Yds,TD,Sk,Comb,Solo,Ast,TFL,QBHits,Sfty
1303,1260,Chris Morris ,OAK,26,LG,16,10,,,,,,0,0,1,0,0,0.0,,,,,,
1304,1261,Maurice Morris ,DET,30,,14,3,,,,,,0,1,1,0,0,0.0,,,,,,
1305,1262,Jarvis Moss,DEN,25,,7,0,0,0,0,0,1,,,,,,0.0,,,,,,
1306,1263,Randy Moss,NWE,32,WR,16,16,1,0,0,0,1,0,2,1,0,0,0.0,,,,,,
1307,1264,Ovie Mughelli,ATL,29,fb,14,7,,,,,,,,,,,0.0,1,0,1,0,0,
1308,1265,Shawn Nelson,BUF,24,TE,12,12,,,,,,0,2,2,0,0,0.0,,,,,,
1309,1266,Hakeem Nicks,NYG,21,wr,14,6,,,,,,0,2,1,0,0,0.0,,,,,,
1310,1267,Dennis Northcutt,DET,32,,16,2,,,,,,0,2,1,0,0,0.0,,,,,,
1311,1268,Jerious Norwood,ATL,26,,10,4,,,,,,0,1,1,2,0,0.0,2,0,2,0,0,
1312,1269,Keith Null,STL,24,,4,4,,,,,,0,3,2,-5,0,0.0,,,,,,
1313,1270,Ryan O'Callaghan,KAN,26,RT,14,12,,,,,,0,0,1,0,0,0.0,,,,,,
1314,1271,Shaun O'Hara*,NYG,32,C,16,16,,,,,,0,0,1,0,0,0.0,,,,,,
1315,1272,Greg Olsen,CHI,24,TE,16,15,,,,,,0,0,2,0,0,0.0,,,,,,
1316,1273,Kyle Orton,DEN,27,QB,16,15,,,,,,0,4,1,-2,0,0.0,,,,,,
1317,1274,Carson Palmer,CIN,30,QB,16,16,,,,,,0,6,2,-12,0,0.0,,,,,,
1318,1275,Willie Parker,PIT,29,,14,3,,,,,,0,2,1,0,0,0.0,,,,,,
1319,1276,Donald Penn,TAM,26,LT,16,16,,,,,,0,0,2,0,0,0.0,,,,,,
1320,1277,Jason Peters *,PHI,27,LT,15,15,,,,,,0,0,1,0,0,0.0,,,,,,
1321,1278,Brandon Pettigrew,DET,24,TE,11,11,,,,,,0,1,1,0,0,0.0,1,0,1,0,0,
1322,1279,Tyler Polumbus,DEN,24,rt,15,8,,,,,,0,1,1,0,0,0.0,,,,,,
1323,1280,Ryan Pontbriand,CLE,30,,16,0,,,,,,0,1,0,-20,0,0.0,1,0,1,0,0,
1324,1281,Clinton Portis,WAS,28,RB,8,8,,,,,,0,1,1,0,0,0.0,,,,,,
1325,1282,Brady Quinn,CLE,25,QB,10,9,,,,,,0,4,1,-3,0,0.0,,,,,,
1326,1283,Manuel Ramirez,DET,26,LG,13,12,,,,,,0,0,1,0,0,0.0,,,,,,
1327,1284,Louis Rankin,2TM,24,,9,0,,,,,,0,1,0,0,0,0.0,1,0,1,0,0,
1328,1285,Josh Reed,BUF,29,,14,4,,,,,,0,3,1,0,0,0.0,,,,,,
1329,1286,Darius Reynaud,MIN,25,,11,0,,,,,,0,3,2,0,0,0.0,,,,,,
1330,1287,Ray Rice*,BAL,22,RB,16,15,,,,,,0,3,1,2,0,0.0,,,,,,
1331,1288,Tony Richardson ,NYJ,38,FB,16,10,,,,,,0,0,1,0,0,0.0,,,,,,
1332,1289,Philip Rivers*,SDG,28,QB,16,16,,,,,,0,6,1,0,0,0.0,,,,,,
1333,Rk,Player,Tm,Age,Pos,G,GS,Int,Yds,TD,Lng,PD,FF,Fmb,FR,Yds,TD,Sk,Comb,Solo,Ast,TFL,QBHits,Sfty
1334,1290,Aaron Rodgers *,GNB,26,QB,16,16,,,,,,0,10,4,-8,0,0.0,,,,,,
1335,1291,Ben Roethlisberger,PIT,27,QB,15,15,,,,,,0,7,2,-6,0,0.0,,,,,,
1336,1292,Tony Romo *,DAL,29,QB,16,16,,,,,,0,6,2,-5,0,0.0,,,,,,
1337,1293,Michael Roos,TEN,27,LT,16,16,,,,,,,,,,,0.0,1,0,1,0,0,
1338,1294,Matt Ryan,ATL,24,QB,14,14,,,,,,0,5,2,0,0,0.0,,,,,,
1339,1295,Mark Sanchez,NYJ,23,QB,15,15,,,,,,0,10,2,0,0,0.0,,,,,,
1340,1296,Matt Schaub*,HOU,28,QB,16,16,,,,,,0,3,1,-2,0,0.0,,,,,,
1341,1297,Tony Scheffler,DEN,26,TE,15,9,1,5,0,5,1,,,,,,0.0,1,0,1,0,0,
1342,1298,Josh Scobee ,JAX,27,,16,0,,,,,,,,,,,0.0,2,0,2,0,0,
1343,1299,Mark Setterstrom,STL,25,,9,3,,,,,,0,0,1,0,0,0.0,,,,,,
1344,1300,Rich Seubert,NYG,30,LG,14,14,,,,,,0,0,1,0,0,0.0,,,,,,
1345,1301,Jeremy Shockey,NOR,29,TE,13,12,,,,,,0,0,1,0,0,0.0,,,,,,
1346,1302,Rob Sims,SEA,26,LG,14,14,,,,,,0,0,1,0,0,0.0,,,,,,
1347,1303,Josh Sitton,GNB,23,RG,16,16,,,,,,0,0,1,0,0,0.0,,,,,,
1348,1304,Alex Smith,SFO,25,QB,11,10,,,,,,0,3,1,0,0,0.0,,,,,,
1349,1305,Steve Smith,CAR,30,WR,15,15,,,,,,0,1,1,0,0,0.0,,,,,,
1350,1306,Chris Snee*,NYG,27,RG,16,16,,,,,,0,0,1,0,0,0.0,,,,,,
1351,1307,Adam Snyder,SFO,27,RT,16,16,,,,,,1,0,0,0,0,0.0,,,,,,
1352,1308,Matt Spaeth,PIT,26,TE,16,8,,,,,,0,1,1,0,0,0.0,,,,,,
1353,1309,Darren Sproles ,SDG,26,,16,2,,,,,,0,3,1,0,0,0.0,,,,,,
1354,1310,John St. Clair,CLE,32,RT,14,14,,,,,,0,0,1,0,0,0.0,,,,,,
1355,1311,Brian St. Pierre,ARI,30,,1,0,,,,,,0,1,1,0,0,0.0,,,,,,
1356,1312,Matthew Stafford,DET,21,QB,10,10,,,,,,0,4,2,0,0,0.0,,,,,,
1357,1313,Joe Staley ,SFO,25,LT,9,9,,,,,,0,0,2,0,0,0.0,,,,,,
1358,1314,Jerramy Stevens,TAM,30,TE,16,8,,,,,,0,0,1,0,0,0.0,,,,,,
1359,1315,David Stewart,TEN,27,RT,15,15,,,,,,0,0,1,0,0,0.0,,,,,,
1360,1316,Jonathan Stewart,CAR,22,rb,16,3,,,,,,0,3,1,0,0,0.0,,,,,,
1361,1317,Sammie Stroughter,TAM,23,,13,0,,,,,,,,,,,0.0,1,0,1,0,0,
1362,1318,Shaun Suisham,2TM,28,,14,0,,,,,,,,,,,0.0,1,0,1,0,0,
1363,1319,Chester Taylor,MIN,30,,16,0,,,,,,0,2,1,0,0,0.0,,,,,,
1364,Rk,Player,Tm,Age,Pos,G,GS,Int,Yds,TD,Lng,PD,FF,Fmb,FR,Yds,TD,Sk,Comb,Solo,Ast,TFL,QBHits,Sfty
1365,1320,Donald Thomas,MIA,24,RG,16,12,,,,,,1,0,1,0,0,0.0,,,,,,
1366,1321,Mike Thomas,JAX,22,,14,4,,,,,,0,1,1,0,0,0.0,,,,,,
1367,1322,Michael Turner,ATL,27,RB,11,11,,,,,,0,4,1,0,0,0.0,,,,,,
1368,1323,Jeff Ulbrich ,SFO,32,,4,0,,,,,,,,,,,0.0,1,0,1,0,0,
1369,1324,Max Unger,SEA,23,RG,16,16,,,,,,0,0,2,0,0,0.0,,,,,,
1370,1325,Louis Vasquez,SDG,22,RG,14,14,,,,,,0,0,1,0,0,0.0,,,,,,
1371,1326,Bobby Wade,KAN,28,wr,12,6,,,,,,0,3,1,0,0,0.0,,,,,,
1372,1327,Seneca Wallace,SEA,29,,13,2,,,,,,0,5,2,-27,0,0.0,,,,,,
1373,1328,Nate Washington,TEN,26,WR,16,15,,,,,,0,1,1,0,0,0.0,,,,,,
1374,1329,Brian Waters,KAN,32,LG,15,15,,,,,,0,0,3,19,0,0.0,,,,,,
1375,1330,Ben Watson,NWE,29,TE,16,7,,,,,,0,0,1,0,0,0.0,,,,,,
1376,1331,Wes Welker*+,NWE,28,WR,14,13,,,,,,0,2,2,0,0,0.0,,,,,,
1377,1332,Beanie Wells ,ARI,21,,16,0,,,,,,0,4,1,-4,0,0.0,,,,,,
1378,1333,Roddy White*,ATL,28,WR,16,16,,,,,,1,1,1,0,0,0.0,,,,,,
1379,1334,Andrew Whitworth,CIN,28,LT,16,16,,,,,,0,0,2,0,0,0.0,,,,,,
1380,1335,Bobbie Williams,CIN,33,RG,16,16,,,,,,1,0,0,0,0,0.0,,,,,,
1381,1336,Cadillac Williams,TAM,27,RB,16,15,,,,,,0,1,1,0,0,0.0,,,,,,
1382,1337,Chris Williams,CHI,24,RT,16,16,,,,,,0,0,1,0,0,0.0,,,,,,
1383,1338,Mike Williams,WAS,29,RG,8,8,,,,,,0,0,2,0,0,0.0,,,,,,
1384,1339,Ricky Williams,MIA,32,rb,16,7,,,,,,0,5,2,0,0,0.0,,,,,,
1385,1340,Donovan Woods,PIT,24,,1,0,,,,,,,,,,,0.0,1,0,1,0,0,
1386,1341,Damien Woody,NYJ,32,RT,16,16,,,,,,0,0,1,0,0,0.0,,,,,,
1387,1342,Vince Young*,TEN,26,QB,12,10,,,,,,0,8,4,-29,0,0.0,,,,,,
1388,1343,Jeremy Zuttah,TAM,23,LG,16,16,,,,,,0,1,1,0,0,0.0,,,,,,
