,0,1,2,3,4,5,6,7,8,9,10,11,12,13,14,15,16,17,18,19,20,21,22,23,24,25,26,27,28
0,,Misc,,Approx Val,,Passing,Rushing,Receiving,,,,,,,,,,,,,,,,,,,,,
1,Rnd,Pick,Tm,Player,Pos,Age,To,AP1,PB,St,CarAV,DrAV,G,Cmp,Att,Yds,TD,Int,Att,Yds,TD,Rec,Yds,TD,Solo,Int,Sk,College/Univ,
2,1,1,STL,Sam Bradford ,QB,22,2018,0,0,5,44,24,83,1855,2967,19449,103,61,146,340,2,1,5,0,,,,Oklahoma,College Stats
3,1,2,DET,Ndamukong Suh,DT,23,2020,3,5,11,87,57,170,0,0,0,0,0,0,0,0,0,0,0,366,1,62.5,Nebraska,College Stats
4,1,3,TAM,Gerald McCoy,DT,22,2019,1,6,10,68,64,139,0,0,0,0,0,0,0,0,0,0,0,235,,59.5,Oklahoma,College Stats
5,1,4,WAS,Trent Williams,T,22,2020,0,7,10,67,67,130,0,0,0,0,0,0,0,0,0,0,0,,,,Oklahoma,College Stats
6,1,5,KAN,Eric Berry ,DB,21,2018,3,5,5,47,47,89,0,0,0,0,0,0,0,0,0,0,0,377,14,5.5,Tennessee,College Stats
7,1,6,SEA,Russell Okung,T,21,2020,0,2,8,61,36,130,0,0,0,0,0,0,0,0,0,0,0,1,,,Oklahoma St.,College Stats
8,1,7,CLE,Joe Haden,DB,21,2020,0,3,9,55,38,143,0,0,0,0,0,0,0,0,0,0,0,472,29,3.0,Florida,College Stats
9,1,8,OAK,Rolando McClain,LB,21,2015,0,0,5,26,15,65,0,0,0,0,0,0,0,0,0,0,0,288,4,9.5,Alabama,College Stats
10,1,9,BUF,C.J. Spiller,RB,23,2017,0,1,3,34,32,90,0,0,0,0,0,712,3451,12,198,1484,9,2,,,Clemson,College Stats
11,1,10,JAX,Tyson Alualu,DT,23,2020,0,0,6,44,35,167,0,0,0,0,0,1,0,0,2,19,0,246,,23.5,California,College Stats
12,1,11,SFO,Anthony Davis,T,20,2016,0,0,4,36,36,72,0,0,0,0,0,0,0,0,0,0,0,,,,Rutgers,College Stats
13,1,12,SDG,Ryan Mathews,RB,22,2016,0,1,5,43,36,86,0,0,0,0,0,1184,5261,37,179,1371,3,,,,Fresno St.,College Stats
14,1,13,PHI,Brandon Graham,DE,22,2020,0,0,6,47,47,154,0,0,0,0,0,0,0,0,0,0,0,307,,58.0,Michigan,College Stats
15,1,14,SEA,Earl Thomas,DB,21,2019,3,7,9,77,72,140,0,0,0,0,0,0,0,0,0,0,0,497,30,2.0,Texas,College Stats
16,1,15,NYG,Jason Pierre-Paul,DE,21,2020,1,2,9,61,52,149,0,0,0,0,0,0,0,0,0,0,0,414,4,88.0,South Florida,College Stats
17,1,16,TEN,Derrick Morgan,DE,21,2018,0,0,8,40,40,118,0,0,0,0,0,0,0,0,0,0,0,208,,44.5,Georgia Tech,College Stats
18,1,17,SFO,Mike Iupati,G,23,2020,1,4,9,60,36,137,0,0,0,0,0,0,0,0,1,10,0,1,,,Idaho,College Stats
19,1,18,PIT,Maurkice Pouncey,C,21,2020,2,8,9,71,71,131,0,0,0,0,0,0,0,0,1,0,0,,,,Florida,College Stats
20,1,19,ATL,Sean Weatherspoon,LB,22,2017,0,0,2,22,22,67,0,0,0,0,0,0,0,0,0,0,0,244,2,8.0,Missouri,College Stats
21,1,20,HOU,Kareem Jackson,DB,22,2020,0,0,10,44,39,156,0,0,0,0,0,0,0,0,0,0,0,558,18,2.0,Alabama,College Stats
22,1,21,CIN,Jermaine Gresham,TE,22,2018,0,2,9,28,22,132,0,0,0,0,0,0,0,0,377,3752,29,1,,,Oklahoma,College Stats
23,1,22,DEN,Demaryius Thomas,WR,22,2019,0,4,8,69,65,143,0,1,0,0,0,3,6,0,724,9763,63,2,,,Georgia Tech,College Stats
24,1,23,GNB,Bryan Bulaga,T,21,2020,0,0,8,59,59,122,0,0,0,0,0,0,0,0,0,0,0,,,,Iowa,
25,1,24,DAL,Dez Bryant,WR,21,2020,1,3,7,61,61,116,1,1,10,1,0,6,-3,0,535,7487,73,,,,Oklahoma St.,College Stats
26,1,25,DEN,Tim Tebow,QB,23,2012,0,0,1,12,11,35,173,361,2422,17,9,197,989,12,0,0,0,1,,,Florida,College Stats
27,1,26,ARI,Dan Williams,DT,23,2016,0,0,6,31,22,102,0,0,0,0,0,0,0,0,0,0,0,154,1,3.5,Tennessee,College Stats
28,1,27,NWE,Devin McCourty,DB,23,2020,0,2,11,61,61,166,0,0,0,0,0,0,0,0,0,0,0,628,28,3.0,Rutgers,College Stats
29,1,28,MIA,Jared Odrick,DE,22,2016,0,0,3,29,20,87,0,0,0,0,0,0,0,0,0,0,0,135,1,23.0,Penn St.,College Stats
30,1,29,NYJ,Kyle Wilson,DB,23,2015,0,0,2,15,13,95,0,0,0,0,0,0,0,0,0,0,0,167,4,1.0,Boise St.,College Stats
31,1,30,DET,Jahvid Best,RB,21,2012,0,0,2,13,13,22,0,1,0,0,0,255,945,6,85,774,3,,,,California,College Stats
32,1,31,IND,Jerry Hughes,DE,22,2020,0,0,7,51,4,163,0,0,0,0,0,0,0,0,0,0,0,265,1,56.0,TCU,College Stats
33,1,32,NOR,Patrick Robinson,DB,23,2020,0,0,1,27,13,122,0,0,0,0,0,0,0,0,0,0,0,280,16,2.0,Florida St.,College Stats
34,Rnd,Pick,Tm,Player,Pos,Age,To,AP1,PB,St,CarAV,DrAV,G,Cmp,Att,Yds,TD,Int,Att,Yds,TD,Rec,Yds,TD,Solo,Int,Sk,College/Univ,
35,2,33,STL,Rodger Saffold,T,22,2020,0,0,9,54,46,140,0,0,0,0,0,0,0,0,0,0,0,,,,Indiana,College Stats
36,2,34,MIN,Chris Cook,DB,23,2014,0,0,2,9,9,40,0,0,0,0,0,0,0,0,0,0,0,107,,1.0,Virginia,College Stats
37,2,35,TAM,Brian Price,DT,21,2012,0,0,1,4,4,20,0,0,0,0,0,0,0,0,0,0,0,23,,3.0,UCLA,College Stats
38,2,36,KAN,Dexter McCluster,WR,21,2016,0,1,1,21,17,89,0,0,0,0,0,250,1042,2,236,1993,7,1,,,Mississippi,College Stats
39,2,37,PHI,Nate Allen,DB,22,2017,0,0,5,29,26,100,0,0,0,0,0,0,0,0,0,0,0,303,13,4.0,South Florida,College Stats
40,2,38,CLE,T.J. Ward,DB,23,2017,0,2,7,39,23,107,0,0,0,0,0,0,0,0,0,0,0,458,8,8.5,Oregon,College Stats
41,2,39,TAM,Arrelious Benn,WR,21,2017,0,0,2,8,7,61,0,0,0,0,0,15,44,0,65,990,6,24,,,Illinois,College Stats
42,2,40,MIA,Koa Misi,LB,23,2016,0,0,6,31,31,84,0,0,0,0,0,0,0,0,0,0,0,258,,12.0,Utah,College Stats
43,2,41,BUF,Torell Troup,DT,21,2012,0,0,0,3,3,21,0,0,0,0,0,0,0,0,0,0,0,17,,,Central Florida,
44,2,42,NWE,Rob Gronkowski ,TE,21,2020,4,5,10,69,69,127,0,0,0,0,0,1,2,1,558,8366,83,,,,Arizona,College Stats
45,2,43,BAL,Sergio Kindle,LB,22,2012,0,0,0,0,0,3,0,0,0,0,0,0,0,0,0,0,0,1,,,Texas,
46,2,44,OAK,Lamarr Houston,DE,23,2017,0,0,5,32,26,100,0,0,0,0,0,0,0,0,0,0,0,231,1,30.5,Texas,College Stats
47,2,45,DEN,Zane Beadles,G,23,2018,0,1,7,48,30,137,0,0,0,0,0,0,0,0,0,0,0,,,,Utah,College Stats
48,2,46,NYG,Linval Joseph,DT,21,2020,0,2,10,62,16,152,0,0,0,0,0,0,0,0,0,0,0,337,,24.0,East Carolina,College Stats
49,2,47,ARI,Daryl Washington,LB,23,2014,0,1,4,36,36,59,0,0,0,0,0,0,0,0,0,0,0,329,6,18.0,TCU,College Stats
50,2,48,CAR,Jimmy Clausen,QB,22,2015,0,0,1,3,0,21,255,472,2520,7,14,37,102,0,0,0,0,,,,Notre Dame,College Stats
51,2,49,SFO,Taylor Mays,DB,22,2015,0,0,0,9,3,80,0,0,0,0,0,0,0,0,0,0,0,89,,1.0,USC,College Stats
52,2,50,KAN,Javier Arenas,DB,22,2014,0,0,1,8,7,69,0,0,0,0,0,4,17,1,0,0,0,137,2,5.0,Alabama,College Stats
53,2,51,MIN,Toby Gerhart ,RB,23,2015,0,0,0,16,13,82,0,0,0,0,0,397,1675,7,100,809,3,7,,,Stanford,College Stats
54,2,52,PIT,Jason Worilds,DE,22,2014,0,0,2,21,21,73,0,0,0,0,0,0,0,0,0,0,0,144,1,25.5,Virginia Tech,College Stats
55,2,53,NWE,Jermaine Cunningham,LB,22,2014,0,0,1,8,8,38,0,0,0,0,0,0,0,0,0,0,0,44,,3.5,Florida,College Stats
56,2,54,CIN,Carlos Dunlap,DE,21,2020,0,2,7,61,61,159,0,0,0,0,0,0,0,0,0,0,0,334,2,86.5,Florida,College Stats
57,2,55,DAL,Sean Lee ,LB,24,2020,1,2,7,51,51,113,0,0,0,0,0,0,0,0,0,0,0,514,14,4.0,Penn St.,College Stats
58,2,56,GNB,Mike Neal,DE,23,2015,0,0,2,17,17,68,0,0,0,0,0,0,0,0,0,0,0,92,1,19.0,Purdue,College Stats
59,2,57,BAL,Terrence Cody,DT,22,2014,0,0,1,13,13,57,0,0,0,0,0,0,0,0,0,0,0,45,,,Alabama,College Stats
60,2,58,HOU,Ben Tate,RB,22,2014,0,0,0,14,13,51,0,0,0,0,0,540,2363,14,67,347,0,,,,Auburn,College Stats
61,2,59,CLE,Montario Hardesty,RB,23,2012,0,0,0,4,4,23,0,0,0,0,0,153,537,1,16,138,0,,,,Tennessee,College Stats
62,2,60,SEA,Golden Tate,WR,22,2020,0,1,7,56,16,157,2,3,41,1,0,44,216,0,688,8196,46,,,,Notre Dame,College Stats
63,2,61,NYJ,Vlad Ducasse,T,22,2018,0,0,4,20,3,111,0,0,0,0,0,0,0,0,0,0,0,,,,Massachusetts,
64,2,62,NWE,Brandon Spikes,LB,23,2016,0,0,5,23,18,78,0,0,0,0,0,0,0,0,0,0,0,212,2,2.0,Florida,College Stats
65,2,63,IND,Pat Angerer,LB,23,2013,0,0,3,17,17,54,0,0,0,0,0,0,0,0,0,0,0,195,2,2.5,Iowa,College Stats
66,2,64,NOR,Charles Brown,T,23,2015,0,0,1,15,15,54,0,0,0,0,0,0,0,0,0,0,0,,,,USC,College Stats
67,Rnd,Pick,Tm,Player,Pos,Age,To,AP1,PB,St,CarAV,DrAV,G,Cmp,Att,Yds,TD,Int,Att,Yds,TD,Rec,Yds,TD,Solo,Int,Sk,College/Univ,
68,3,65,STL,Jerome Murphy,DB,23,2013,0,0,0,3,2,33,0,0,0,0,0,0,0,0,0,0,0,33,1,,South Florida,College Stats
69,3,66,DET,Amari Spievey,DB,22,2012,0,0,2,12,12,35,0,0,0,0,0,0,0,0,0,0,0,117,5,1.0,Iowa,College Stats
70,3,67,TAM,Myron Lewis,DB,22,2012,0,0,0,1,1,28,0,0,0,0,0,0,0,0,0,0,0,20,,,Vanderbilt,College Stats
71,3,68,KAN,Jon Asamoah,G,22,2014,0,0,4,20,13,75,0,0,0,0,0,0,0,0,0,0,0,,,,Illinois,
72,3,69,OAK,Jared Veldheer,T,23,2019,0,0,8,49,20,120,0,0,0,0,0,0,0,0,0,0,0,,,,Hillsdale,
73,3,70,BAL,Ed Dickson,TE,23,2018,0,0,7,16,9,134,0,0,0,0,0,1,9,0,190,2128,15,14,,,Oregon,College Stats
74,3,71,GNB,Morgan Burnett,DB,21,2019,0,0,8,32,30,121,0,0,0,0,0,0,0,0,0,0,0,540,10,9.5,Georgia Tech,College Stats
75,3,72,BUF,Alex Carrington,DE,23,2015,0,0,1,7,6,59,0,0,0,0,0,0,0,0,0,0,0,39,,4.0,Arkansas St.,College Stats
76,3,73,MIA,John Jerry,T,24,2019,0,0,6,39,16,132,0,0,0,0,0,0,0,0,0,0,0,,,,Mississippi,
77,3,74,JAX,D'Anthony Smith,DT,22,2015,0,0,0,1,1,14,0,0,0,0,0,0,0,0,0,0,0,8,,,Louisiana Tech,College Stats
78,3,75,CHI,Major Wright,DB,22,2016,0,0,3,20,17,77,0,0,0,0,0,0,0,0,0,0,0,244,9,,Florida,College Stats
79,3,76,NYG,Chad Jones,DB,,,0,0,0,,,,,,,,,,,,,,,,,,LSU,College Stats
80,3,77,TEN,Damian Williams,WR,22,2014,0,0,1,9,9,57,0,0,0,0,0,1,5,0,107,1327,5,4,,,USC,College Stats
81,3,78,CAR,Brandon LaFell,WR,23,2018,0,0,5,43,17,125,0,1,0,0,0,11,130,0,406,5398,31,2,,,LSU,College Stats
82,3,79,SDG,Donald Butler,LB,21,2016,0,0,5,29,27,85,0,0,0,0,0,0,0,0,0,0,0,285,3,7.0,Washington,
83,3,80,DEN,J.D. Walton,C,23,2015,0,0,3,21,13,56,0,0,0,0,0,0,0,0,0,0,0,,,,Baylor,College Stats
84,3,81,HOU,Earl Mitchell ,DT,22,2018,0,0,4,29,10,130,0,0,0,0,0,0,0,0,0,0,0,163,,6.5,Arizona,College Stats
85,3,82,PIT,Emmanuel Sanders ,WR,23,2020,0,2,7,55,12,153,3,3,78,2,0,18,159,1,637,8310,45,7,,,SMU,College Stats
86,3,83,ATL,Corey Peters,DT,22,2020,0,0,7,42,23,138,0,0,0,0,0,0,0,0,0,0,0,193,1,19.0,Kentucky,College Stats
87,3,84,CIN,Jordan Shipley,WR,24,2012,0,0,0,7,5,24,0,0,0,0,0,0,0,0,79,858,4,,,,Texas,College Stats
88,3,85,CLE,Colt McCoy,QB,24,2020,0,0,2,13,10,41,566,933,6111,29,27,135,504,2,2,8,0,,,,Texas,College Stats
89,3,86,PHI,Daniel Te'o-Nesheim,DE,23,2013,0,0,2,12,1,39,0,0,0,0,0,0,0,0,0,0,0,36,,5.0,Washington,College Stats
90,3,87,DEN,Eric Decker,WR,23,2017,0,0,5,46,28,111,0,2,0,0,0,1,1,0,439,5816,53,8,,,Minnesota,College Stats
91,3,88,ARI,Andre Roberts,WR,22,2020,1,2,2,23,14,159,0,0,0,0,0,13,101,0,259,3032,15,,,,The Citadel,
92,3,89,CAR,Armanti Edwards,WR,22,2013,0,0,0,1,1,41,2,3,11,0,0,3,12,0,6,131,0,,,,Appalachian St.,
93,3,90,NWE,Taylor Price,WR,22,2012,0,0,0,1,1,6,0,0,0,0,0,0,0,0,5,80,0,,,,Ohio,College Stats
94,3,91,SFO,NaVorro Bowman ,LB,22,2017,4,3,5,68,64,99,0,0,0,0,0,0,0,0,0,0,0,585,5,14.0,Penn St.,College Stats
95,3,92,CLE,Shawn Lauvao,G,22,2018,0,0,7,30,13,99,0,0,0,0,0,0,0,0,0,0,0,,,,Arizona St.,College Stats
96,3,93,KAN,Tony Moeaki,TE,23,2015,0,0,2,10,9,49,0,0,0,0,0,0,0,0,91,1201,6,,,,Iowa,College Stats
97,3,94,IND,Kevin Thomas,DB,23,2011,0,0,0,2,2,9,0,0,0,0,0,0,0,0,0,0,0,20,,,USC,
98,3,95,NOR,Jimmy Graham,TE,23,2020,1,5,10,59,38,164,0,0,0,0,0,2,3,0,687,8217,79,1,,,Miami (FL),College Stats
99,3,96,CIN,Brandon Ghee,DB,23,2014,0,0,0,3,2,29,0,0,0,0,0,0,0,0,0,0,0,17,1,,Wake Forest,College Stats
100,3,97,TEN,Rennie Curran,LB,21,2010,0,0,0,1,1,9,0,0,0,0,0,0,0,0,0,0,0,4,,,Georgia,College Stats
101,3,98,ATL,Mike Johnson,G,23,2014,0,0,0,2,2,18,0,0,0,0,0,0,0,0,1,1,1,,,,Alabama,
102,Rnd,Pick,Tm,Player,Pos,Age,To,AP1,PB,St,CarAV,DrAV,G,Cmp,Att,Yds,TD,Int,Att,Yds,TD,Rec,Yds,TD,Solo,Int,Sk,College/Univ,
103,4,99,STL,Mardy Gilyard,WR,23,2012,0,0,0,1,1,19,0,0,0,0,0,0,0,0,8,78,0,5,,,Cincinnati,College Stats
104,4,100,MIN,Everson Griffen,DE,22,2020,0,4,6,61,61,158,0,0,0,0,0,0,0,0,0,0,0,272,2,78.5,USC,College Stats
105,4,101,TAM,Mike Williams,WR,23,2014,0,0,3,25,25,63,1,1,28,0,0,1,3,0,223,3089,26,,,,Syracuse,College Stats
106,4,102,HOU,Darryl Sharpton,LB,22,2014,0,0,1,10,10,47,0,0,0,0,0,0,0,0,0,0,0,117,1,1.0,Miami (FL),College Stats
107,4,103,WAS,Perry Riley,LB,22,2016,0,0,6,30,27,90,0,0,0,0,0,0,0,0,0,0,0,308,3,9.5,LSU,College Stats
108,4,104,TEN,Alterraun Verner,DB,21,2017,0,1,4,34,25,125,0,0,0,0,0,0,0,0,0,0,0,371,15,0.5,UCLA,College Stats
109,4,105,PHI,Trevard Lindley,DB,24,2010,0,0,0,1,1,11,0,0,0,0,0,0,0,0,0,0,0,22,1,,Kentucky,College Stats
110,4,106,OAK,Bruce Campbell,T,22,2012,0,0,0,1,1,19,0,0,0,0,0,0,0,0,0,0,0,,,,Maryland,College Stats
111,4,107,BUF,Marcus Easley,WR,22,2015,0,0,0,1,1,42,0,0,0,0,0,0,0,0,3,71,1,41,1,,Connecticut,
112,4,108,OAK,Jacoby Ford,WR,23,2013,0,0,1,12,12,38,0,0,0,0,0,19,201,2,57,848,3,1,,,Clemson,College Stats
113,4,109,CHI,Corey Wootton,DE,23,2014,0,0,1,15,13,60,0,0,0,0,0,0,0,0,0,0,0,65,,12.0,Northwestern,College Stats
114,4,110,SDG,Darrell Stuckey,DB,23,2016,0,1,0,8,8,89,0,0,0,0,0,0,0,0,0,0,0,73,,1.0,Kansas,College Stats
115,4,111,SEA,Walter Thurmond,DB,23,2015,0,0,1,11,5,52,0,0,0,0,0,0,0,0,0,0,0,121,4,3.0,Oregon,College Stats
116,4,112,NYJ,Joe McKnight ,RB,22,2014,0,0,0,7,6,41,0,0,0,0,0,113,505,0,23,241,2,8,,,USC,College Stats
117,4,113,NWE,Aaron Hernandez,TE,20,2012,0,0,2,22,22,38,0,0,0,0,0,9,97,0,175,1956,18,,,,Florida,College Stats
118,4,114,BAL,Dennis Pitta,TE,25,2016,0,0,1,16,16,66,0,0,0,0,0,0,0,0,224,2098,13,2,,,BYU,College Stats
119,4,115,NYG,Phillip Dillard,LB,23,2012,0,0,0,0,0,7,0,0,0,0,0,0,0,0,0,0,0,3,,,Nebraska,College Stats
120,4,116,PIT,Thaddeus Gibson ,DE,22,2012,0,0,0,0,,4,0,0,0,0,0,0,0,0,0,0,0,3,,,Ohio St.,College Stats
121,4,117,ATL,Joe Hawley,C,21,2017,0,0,3,25,13,91,0,0,0,0,0,0,0,0,0,0,0,,,,UNLV,College Stats
122,4,118,HOU,Garrett Graham,TE,24,2015,0,0,2,7,7,60,0,0,0,0,0,0,0,0,100,1059,10,5,,,Wisconsin,College Stats
123,4,119,MIA,A.J. Edds,LB,22,2014,0,0,0,0,,17,0,0,0,0,0,0,0,0,0,0,0,4,,,Iowa,
124,4,120,CIN,Geno Atkins,DT,22,2020,2,8,9,87,87,159,0,0,0,0,0,0,0,0,0,0,0,228,,75.5,Georgia,College Stats
125,4,121,PHI,Keenan Clayton,LB,23,2012,0,0,0,3,2,36,0,0,0,0,0,0,0,0,0,0,0,38,,,Oklahoma,College Stats
126,4,122,PHI,Mike Kafka,QB,23,2014,0,0,0,0,0,4,11,16,107,0,2,3,0,0,0,0,0,,,,Northwestern,College Stats
127,4,123,NOR,Al Woods,DT,23,2019,0,0,4,23,,125,0,0,0,0,0,0,0,0,0,0,0,109,,5.5,LSU,College Stats
128,4,124,CAR,Eric Norwood,LB,22,2011,0,0,0,2,2,28,0,0,0,0,0,0,0,0,0,0,0,19,,1.0,South Carolina,College Stats
129,4,125,PHI,Clay Harbor,TE,23,2016,0,0,2,7,2,98,0,0,0,0,0,0,0,0,114,1170,8,7,,,SW Missouri St.,
130,4,126,DAL,Akwasi Owusu-Ansah,DB,22,2013,0,0,0,1,0,15,0,0,0,0,0,0,0,0,0,0,0,15,,,Indiana (PA),
131,4,127,SEA,E.J. Wilson,DE,22,2010,0,0,0,0,0,2,0,0,0,0,0,0,0,0,0,0,0,1,,,North Carolina,College Stats
132,4,128,DET,Jason Fox,T,22,2015,0,0,1,9,2,37,0,0,0,0,0,0,0,0,0,0,0,,,,Miami (FL),College Stats
133,4,129,IND,Jacques McClendon,G,22,2015,0,0,0,3,0,25,0,0,0,0,0,0,0,0,0,0,0,,,,Tennessee,College Stats
134,4,130,ARI,O'Brien Schofield,DE,23,2016,0,0,2,17,7,84,0,0,0,0,0,0,0,0,0,0,0,117,,15.5,Wisconsin,College Stats
135,4,131,CIN,Roddrick Muckelroy,LB,23,2012,0,0,0,2,1,21,0,0,0,0,0,0,0,0,0,0,0,4,,,Texas,College Stats
136,Rnd,Pick,Tm,Player,Pos,Age,To,AP1,PB,St,CarAV,DrAV,G,Cmp,Att,Yds,TD,Int,Att,Yds,TD,Rec,Yds,TD,Solo,Int,Sk,College/Univ,
137,5,132,STL,Michael Hoomanawanui,TE,22,2017,0,0,3,5,1,87,0,0,0,0,0,1,0,0,57,646,8,2,,,Illinois,College Stats
138,5,133,SEA,Kam Chancellor ,DB,22,2017,0,4,7,45,45,109,0,0,0,0,0,0,0,0,0,0,0,421,12,2.0,Virginia Tech,College Stats
139,5,134,PHI,Ricky Sapp,DE,23,2014,0,0,0,1,,17,0,0,0,0,0,0,0,0,0,0,0,3,,,Clemson,College Stats
140,5,135,ATL,Dominique Franks,DB,22,2014,0,0,0,6,5,52,0,0,0,0,0,0,0,0,0,0,0,34,3,,Oklahoma,College Stats
141,5,136,KAN,Kendrick Lewis,DB,22,2018,0,0,6,29,17,103,0,0,0,0,0,0,0,0,0,0,0,255,9,,Mississippi,College Stats
142,5,137,DEN,Perrish Cox,DB,23,2016,0,0,4,19,3,81,0,0,0,0,0,0,0,0,0,0,0,191,10,,Oklahoma St.,College Stats
143,5,138,OAK,Walter McFadden,DB,23,2012,0,0,0,0,0,4,0,0,0,0,0,0,0,0,0,0,0,5,,,Auburn,College Stats
144,5,139,NYJ,John Conner,RB,23,2014,0,0,1,0,0,62,0,0,0,0,0,27,108,2,12,84,1,2,,,Kentucky,College Stats
145,5,140,BUF,Ed Wang,T,23,2010,0,0,0,0,0,6,0,0,0,0,0,0,0,0,0,0,0,,,,Virginia Tech,College Stats
146,5,141,CHI,Joshua Moore,DB,22,2010,0,0,0,0,0,3,0,0,0,0,0,0,0,0,0,0,0,1,,,Kansas St.,College Stats
147,5,142,KAN,Cameron Sheffield,DE,22,2012,0,0,0,1,1,17,0,0,0,0,0,0,0,0,0,0,0,7,,,Troy,College Stats
148,5,143,JAX,Larry Hart ,DE,23,2010,0,0,0,1,1,14,0,0,0,0,0,0,0,0,0,0,0,5,,1.5,Central Arkansas,
149,5,144,HOU,Sherrick McManis,DB,22,2020,0,0,0,9,2,137,0,0,0,0,0,0,0,0,0,0,0,118,2,1.0,Northwestern,College Stats
150,5,145,MIA,Nolan Carroll,DB,23,2017,0,0,4,21,10,103,0,0,0,0,0,0,0,0,0,0,0,239,8,3.0,Maryland,College Stats
151,5,146,SDG,Cam Thomas,DT,23,2017,0,0,2,16,9,103,0,0,0,0,0,0,0,0,0,0,0,83,1,7.5,North Carolina,College Stats
152,5,147,NYG,Mitch Petrus ,G,23,2012,0,0,0,4,4,27,0,0,0,0,0,0,0,0,0,0,0,,,,Arkansas,College Stats
153,5,148,TEN,Robert Johnson,DB,23,2012,0,0,0,2,2,15,0,0,0,0,0,0,0,0,0,0,0,14,1,,Utah,
154,5,149,STL,Hall Davis,DE,23,2012,0,0,0,0,,3,0,0,0,0,0,0,0,0,0,0,0,,,,Louisiana,
155,5,150,NWE,Zoltan Mesko,P,24,2013,0,0,0,6,6,56,0,0,0,0,0,0,0,0,0,0,0,2,,,Michigan,College Stats
156,5,151,PIT,Chris Scott,G,23,2016,0,0,0,8,0,45,0,0,0,0,0,0,0,0,0,0,0,,,,Tennessee,
157,5,152,CIN,Otis Hudson,T,24,2012,0,0,0,0,0,,0,0,0,0,0,0,0,0,0,0,0,,,,East. Illinois,
158,5,153,JAX,Austen Lane,DE,22,2014,0,0,2,7,7,30,0,0,0,0,0,0,0,0,0,0,0,47,,3.0,Murray St.,
159,5,154,GNB,Andrew Quarless,TE,21,2015,0,0,2,9,9,60,0,0,0,0,0,0,0,0,89,940,6,3,,,Penn St.,College Stats
160,5,155,ARI,John Skelton,QB,22,2012,0,0,1,4,4,20,320,602,3707,15,25,42,182,0,0,0,0,,,,Fordham,
161,5,156,BAL,David Reed,WR,23,2013,0,0,0,2,2,36,0,0,0,0,0,2,31,0,6,68,0,18,,,Utah,College Stats
162,5,157,BAL,Arthur Jones,DE,24,2017,0,0,2,19,14,64,0,0,0,0,0,0,0,0,0,0,0,99,,10.0,Syracuse,College Stats
163,5,158,NOR,Matt Tennant,C,23,2012,0,0,0,3,2,36,0,0,0,0,0,0,0,0,0,0,0,,,,Boston Col.,
164,5,159,PHI,Riley Cooper,WR,22,2015,0,0,3,18,18,88,0,0,0,0,0,0,18,0,169,2418,18,14,,,Florida,College Stats
165,5,160,CLE,Larry Asante,DB,22,2015,0,0,0,2,,39,0,0,0,0,0,0,0,0,0,0,0,58,1,,Nebraska,College Stats
166,5,161,MIN,Chris DeGeare,G,23,2012,0,0,0,2,2,8,0,0,0,0,0,0,0,0,0,0,0,,,,Wake Forest,
167,5,162,IND,Brody Eldridge,TE,23,2011,0,0,2,0,0,27,0,0,0,0,0,0,0,0,14,84,0,1,,,Oklahoma,College Stats
168,5,163,MIA,Reshad Jones,DB,22,2019,0,2,8,44,44,128,0,0,0,0,0,0,0,0,0,0,0,599,21,10.5,Georgia,College Stats
169,5,164,PIT,Crezdon Butler,DB,23,2016,0,0,0,2,0,46,0,0,0,0,0,0,0,0,0,0,0,26,,,Clemson,College Stats
170,5,165,ATL,Kerry Meier,WR,23,2012,0,0,0,0,0,12,0,0,0,0,0,0,0,0,0,0,0,,,,Kansas,
171,5,166,PIT,Stevenson Sylvester,LB,22,2014,0,0,0,6,6,50,0,0,0,0,0,0,0,0,0,0,0,25,,,Utah,College Stats
172,5,167,MIN,Nate Triplett,LB,23,2011,0,0,0,0,,8,0,0,0,0,0,0,0,0,0,0,0,4,,,Minnesota,College Stats
173,5,168,SDG,Jonathan Crompton,QB,23,,0,0,0,,,,,,,,,,,,,,,,,,Tennessee,
174,5,169,GNB,Marshall Newhouse,G,21,2019,0,0,4,44,22,129,0,0,0,0,0,0,0,0,0,0,0,,,,TCU,College Stats
175,Rnd,Pick,Tm,Player,Pos,Age,To,AP1,PB,St,CarAV,DrAV,G,Cmp,Att,Yds,TD,Int,Att,Yds,TD,Rec,Yds,TD,Solo,Int,Sk,College/Univ,
176,6,170,STL,Fendi Onobun,TE,23,2014,0,0,0,0,0,4,0,0,0,0,0,0,0,0,2,15,0,1,,,Arizona,College Stats
177,6,171,ATL,Shann Schillinger,DB,24,2013,0,0,0,2,2,37,1,1,-8,0,0,0,0,0,0,0,0,13,,,Montana,
178,6,172,TAM,Brent Bowden,P,,,0,0,0,,,,,,,,,,,,,,,,,,Virginia Tech,College Stats
179,6,173,SFO,Anthony Dixon,RB,22,2015,0,0,0,7,3,96,0,0,0,0,0,274,934,11,23,140,0,31,,,Mississippi St.,College Stats
180,6,174,WAS,Dennis Morris,RB,,,0,0,0,,,,,,,,,,,,,,,,,,Louisiana Tech,College Stats
181,6,175,CAR,Greg Hardy ,DE,22,2015,0,1,4,32,26,75,0,0,0,0,0,0,0,0,0,0,0,167,1,40.0,Mississippi,College Stats
182,6,176,TEN,Rusty Smith,QB,23,2012,0,0,0,1,1,3,23,45,234,0,4,0,0,0,0,0,0,,,,Florida Atlantic,College Stats
183,6,177,CLE,Carlton Mitchell ,WR,22,2011,0,0,0,0,0,16,0,0,0,0,0,1,9,0,3,31,0,3,,,South Florida,College Stats
184,6,178,BUF,Arthur Moats,LB,22,2017,0,0,3,21,9,121,0,0,0,0,0,0,0,0,0,0,0,136,,16.5,James Madison,
185,6,179,DAL,Sam Young,T,23,2020,0,0,0,12,0,99,0,0,0,0,0,0,0,0,0,0,0,,,,Notre Dame,
186,6,180,JAX,Deji Karim,RB,23,2013,0,0,0,4,3,33,0,0,0,0,0,110,341,0,18,129,0,2,,,Southern Illinois,
187,6,181,CHI,Dan LeFevour,QB,23,,0,0,0,,,,,,,,,,,,,,,,,,Central Michigan,
188,6,182,SFO,Nate Byham,TE,22,2013,0,0,0,0,0,29,0,0,0,0,0,0,0,0,11,83,1,1,,,Pittsburgh,College Stats
189,6,183,DEN,Eric Olsen,C,22,2014,0,0,0,3,0,23,0,0,0,0,0,0,0,0,0,0,0,,,,Notre Dame,College Stats
190,6,184,NYG,Adrian Tracy,DE,23,2012,0,0,0,1,1,16,0,0,0,0,0,0,0,0,0,0,0,9,,1.0,William & Mary,
191,6,185,SEA,Anthony McCoy,TE,22,2015,0,0,1,4,4,41,0,0,0,0,0,0,0,0,31,437,3,,,,USC,College Stats
192,6,186,CLE,Clifton Geathers,DE,22,2014,0,0,0,3,,40,0,0,0,0,0,0,0,0,0,0,0,17,,1.0,South Carolina,College Stats
193,6,187,HOU,Shelley Smith,G,23,2014,0,0,0,7,,36,0,0,0,0,0,0,0,0,0,0,0,,,,Colorado St.,
194,6,188,PIT,Jonathan Dwyer,RB,21,2014,0,0,1,8,8,38,0,0,0,0,0,246,1022,3,29,184,0,1,,,Georgia Tech,College Stats
195,6,189,STL,Eugene Sims,DE,24,2016,0,0,1,19,19,99,0,0,0,0,0,0,0,0,0,0,0,110,2,12.0,West Texas A&M,
196,6,190,OAK,Travis Goethel,LB,23,2012,0,0,0,1,1,16,0,0,0,0,0,0,0,0,0,0,0,7,,,Arizona St.,College Stats
197,6,191,CIN,Dezmon Briscoe,WR,21,2012,0,0,0,4,,25,0,0,0,0,0,1,1,0,43,502,7,,,,Kansas,College Stats
198,6,192,BUF,Danny Batten,DE,22,2011,0,0,0,3,3,16,0,0,0,0,0,0,0,0,0,0,0,17,,0.5,South Dakota St.,
199,6,193,GNB,James Starks,RB,24,2016,0,0,0,27,27,76,0,0,0,0,0,618,2506,9,125,1017,6,,,,Buffalo,College Stats
200,6,194,BAL,Ramon Harewood,T,23,2012,0,0,0,2,2,6,0,0,0,0,0,0,0,0,0,0,0,,,,Morehouse,
201,6,195,PIT,Antonio Brown ,WR,22,2020,4,7,7,87,87,135,3,6,35,1,1,34,122,0,861,11431,75,6,,,Central Michigan,College Stats
202,6,196,DAL,Jamar Wall,DB,22,2010,0,0,0,0,,2,0,0,0,0,0,0,0,0,0,0,0,1,,,Texas Tech,College Stats
203,6,197,HOU,Trindon Holliday,WR,24,2014,0,0,0,4,0,33,0,0,0,0,0,1,7,0,2,17,0,,,,LSU,College Stats
204,6,198,CAR,David Gettis,WR,23,2012,0,0,1,3,3,17,0,0,0,0,0,3,2,0,37,508,3,1,,,Baylor,College Stats
205,6,199,MIN,Joe Webb,WR,23,2018,0,0,0,4,4,102,90,159,888,3,6,50,326,4,10,74,0,23,,,Ala-Birmingham,College Stats
206,6,200,PHI,Charles Scott,RB,,,0,0,0,,,,,,,,,,,,,,,,,,LSU,College Stats
207,6,201,ARI,Jorrick Calvin,DB,23,2010,0,0,0,1,,12,0,0,0,0,0,0,0,0,0,0,0,1,,,Troy,College Stats
208,6,202,CAR,Jordan Pugh,DB,22,2013,0,0,0,4,3,44,0,0,0,0,0,0,0,0,0,0,0,44,2,1.0,Texas A&M,College Stats
209,6,203,JAX,Scotty McGee,DB,,,0,0,0,,,,,,,,,,,,,,,,,,James Madison,
210,6,204,CAR,Tony Pike,QB,24,2010,0,0,0,0,0,1,6,12,47,0,0,0,0,0,0,0,0,,,,Cincinnati,College Stats
211,6,205,NWE,Ted Larsen,C,23,2019,0,0,5,35,,137,0,0,0,0,0,0,0,0,0,0,0,,,,North Carolina St.,College Stats
212,6,206,SFO,Kyle Williams,WR,22,2014,0,0,0,6,6,39,0,0,0,0,0,8,76,0,47,574,4,,,,Arizona St.,College Stats
213,6,207,TEN,Myron Rolle,DB,,,0,0,0,,,,,,,,,,,,,,,,,,Florida St.,
214,Rnd,Pick,Tm,Player,Pos,Age,To,AP1,PB,St,CarAV,DrAV,G,Cmp,Att,Yds,TD,Int,Att,Yds,TD,Rec,Yds,TD,Solo,Int,Sk,College/Univ,
215,7,208,NWE,Thomas Welch,T,23,2013,0,0,0,2,1,27,0,0,0,0,0,0,0,0,0,0,0,,,,Vanderbilt,College Stats
216,7,209,BUF,Levi Brown,QB,23,2010,0,0,0,0,0,1,2,3,24,0,1,0,0,0,0,0,0,,,,Troy,College Stats
217,7,210,TAM,Cody Grimm,DB,23,2012,0,0,1,6,6,23,0,0,0,0,0,0,0,0,0,0,0,56,2,,Virginia Tech,College Stats
218,7,211,STL,Marquis Johnson,DB,22,2011,0,0,0,0,0,5,0,0,0,0,0,0,0,0,0,0,0,5,,,Alabama,College Stats
219,7,212,MIA,Chris McCoy,DE,,,0,0,0,,,,,,,,,,,,,,,,,,Middle Tenn. St.,
220,7,213,DET,Willie Young,DE,24,2017,0,0,2,21,9,98,0,0,0,0,0,0,0,0,0,0,0,122,1,32.0,North Carolina St.,College Stats
221,7,214,MIN,Mickey Shuler,TE,23,2015,0,0,0,0,,10,0,0,0,0,0,0,0,0,2,44,0,,,,Penn St.,College Stats
222,7,215,OAK,Jeremy Ware,DB,23,2010,0,0,0,1,1,8,0,0,0,0,0,0,0,0,0,0,0,1,1,,Michigan St.,College Stats
223,7,216,BUF,Kyle Calloway,T,,,0,0,0,,,,,,,,,,,,,,,,,,Iowa,College Stats
224,7,217,TAM,Dekoda Watson,LB,22,2019,0,0,0,11,8,108,0,0,0,0,0,0,0,0,0,0,0,122,1,6.0,Florida St.,College Stats
225,7,218,CHI,J'Marcus Webb,T,22,2019,0,0,4,32,19,95,0,0,0,0,0,0,0,0,0,0,0,,,,West Texas A&M,
226,7,219,WAS,Terrence Austin,WR,22,2011,0,0,0,1,1,18,0,0,0,0,0,0,0,0,15,184,0,2,,,UCLA,College Stats
227,7,220,PHI,Jamar Chaney,LB,23,2014,0,0,1,13,12,54,0,0,0,0,0,0,0,0,0,0,0,122,3,1.0,Mississippi St.,College Stats
228,7,221,NYG,Matt Dodge,P,23,2010,0,0,0,2,2,16,0,0,0,0,0,1,0,0,0,0,0,3,,,East Carolina,College Stats
229,7,222,TEN,Marc Mariani,WR,23,2016,0,1,0,5,3,70,0,0,0,0,0,2,19,0,27,324,0,7,,,Montana,
230,7,223,CAR,R.J. Stanford,DB,22,2014,0,0,0,4,1,46,0,0,0,0,0,0,0,0,0,0,0,39,2,,Utah,
231,7,224,SFO,Phillip Adams,DB,22,2015,0,0,0,10,1,78,0,0,0,0,0,0,0,0,0,0,0,108,5,,South Carolina St.,
232,7,225,DEN,Syd'Quan Thompson,DB,23,2010,0,0,0,1,1,13,0,0,0,0,0,0,0,0,0,0,0,12,2,,California,College Stats
233,7,226,STL,George Selvie,DE,23,2015,0,0,2,17,2,80,0,0,0,0,0,0,0,0,0,0,0,101,,14.0,South Florida,College Stats
234,7,227,HOU,Dorin Dickerson,WR,22,2013,0,0,0,1,0,23,0,0,0,0,0,1,-8,0,11,151,0,,,,Pittsburgh,College Stats
235,7,228,CIN,Reggie Stephens,C,23,2012,0,0,0,0,,,0,0,0,0,0,0,0,0,0,0,0,,,,Iowa St.,
236,7,229,WAS,Erik Cook,C,23,2011,0,0,0,1,1,6,0,0,0,0,0,0,0,0,0,0,0,,,,New Mexico,
237,7,230,GNB,C.J. Wilson,DE,23,2016,0,0,2,15,9,84,0,0,0,0,0,0,0,0,0,0,0,87,,7.5,East Carolina,College Stats
238,7,231,WAS,Selvish Capers,T,24,2012,0,0,0,0,,3,0,0,0,0,0,0,0,0,0,0,0,,,,West Virginia,College Stats
239,7,232,DEN,Jammie Kirlew,DE,23,2011,0,0,0,0,,1,0,0,0,0,0,0,0,0,0,0,0,,,,Indiana,College Stats
240,7,233,ARI,Jim Dray,TE,23,2017,0,0,2,4,2,94,0,0,0,0,0,0,0,0,56,605,3,10,,,Stanford,College Stats
241,7,234,DAL,Sean Lissemore,DT,22,2015,0,0,2,14,4,69,0,0,0,0,0,0,0,0,0,0,0,78,1,6.5,William & Mary,
242,7,235,SDG,Dedrick Epps,TE,22,2012,0,0,0,0,,6,0,0,0,0,0,0,0,0,1,9,0,,,,Miami (FL),College Stats
243,7,236,SEA,Dexter Davis,LB,23,2012,0,0,0,1,1,16,0,0,0,0,0,0,0,0,0,0,0,10,,1.0,Arizona St.,College Stats
244,7,237,MIN,Ryan D'Imperio,RB,23,2011,0,0,0,0,0,12,0,0,0,0,0,0,0,0,2,7,0,7,,,Rutgers,
245,7,238,IND,Ricardo Mathews,DT,23,2016,0,0,0,14,5,96,0,0,0,0,0,0,0,0,0,0,0,66,,5.0,Cincinnati,College Stats
246,7,239,NOR,Sean Canfield,QB,24,,0,0,0,,,,,,,,,,,,,,,,,,Oregon St.,
247,7,240,IND,Kavell Conner,LB,23,2015,0,0,3,20,15,78,0,0,0,0,0,0,0,0,0,0,0,208,,2.0,Clemson,College Stats
248,7,241,TEN,David Howard,DT,,,0,0,0,,,,,,,,,,,,,,,,,,Brown,
249,7,242,PIT,Doug Worthington,DT,23,2015,0,0,0,0,,8,0,0,0,0,0,0,0,0,0,0,0,2,,,Ohio St.,
250,7,243,PHI,Jeff Owens,DT,23,2010,0,0,0,0,0,1,0,0,0,0,0,0,0,0,0,0,0,,,,Georgia,College Stats
251,7,244,PHI,Kurt Coleman,DB,22,2019,0,0,6,33,12,146,0,0,0,0,0,0,0,0,0,0,0,401,21,2.0,Ohio St.,College Stats
252,7,245,SEA,Jameson Konz,TE,24,2011,0,0,0,0,0,1,0,0,0,0,0,0,0,0,0,0,0,1,,,Kent St.,
253,7,246,IND,Ray Fisher,DB,,,0,0,0,,,,,,,,,,,,,,,,,,Indiana,College Stats
254,7,247,NWE,Brandon Deaderick,DE,23,2014,0,0,0,8,7,60,0,0,0,0,0,0,0,0,0,0,0,41,,5.5,Alabama,College Stats
255,7,248,NWE,Kade Weston,DT,,,0,0,0,,,,,,,,,,,,,,,,,,Georgia,College Stats
256,7,249,CAR,Robert McClain,DB,22,2017,0,0,1,15,4,94,0,0,0,0,0,0,0,0,0,0,0,239,7,2.5,Connecticut,College Stats
257,7,250,NWE,Zac Robinson,QB,23,2012,0,0,0,0,,,0,0,0,0,0,0,0,0,0,0,0,,,,Oklahoma St.,
258,7,251,OAK,Stevie Brown,DB,23,2014,0,0,1,10,1,55,0,0,0,0,0,0,0,0,0,0,0,123,8,1.0,Michigan,College Stats
259,7,252,MIA,Austin Spitler,LB,23,2013,0,0,0,5,5,55,0,0,0,0,0,0,0,0,0,0,0,27,,,Ohio St.,College Stats
260,7,253,TAM,Erik Lorig,DE,23,2014,0,0,1,1,1,66,0,0,0,0,0,3,4,0,39,220,2,19,,,Stanford,College Stats
261,7,254,STL,Josh Hull,LB,23,2013,0,0,0,3,2,39,0,0,0,0,0,0,0,0,0,0,0,18,,,Penn St.,College Stats
262,7,255,DET,Tim Toone,WR,25,2012,0,0,0,0,,,0,0,0,0,0,0,0,0,0,0,0,,,,Weber St.,
